2026-05-20 12:34:23,231  INFO      START: Danfoss_VLT_FC302/explicatie  batch_size=1  dry=False
2026-05-20 12:34:23,817  INFO      2955 3-03 (Danfoss_VLT_FC302)  existing_len=1198  qc=rewrite
2026-05-20 12:34:35,999  INFO        -> rewrite: Seteaza valoarea maxima a referintei de viteza sau cuplu. Toate referintele suma
2026-05-20 12:34:36,099  INFO      2956 14-26 (Danfoss_VLT_FC302)  existing_len=973  qc=rewrite
2026-05-20 12:34:44,980  INFO        -> rewrite: Seteaza timpul de intarziere inainte ca VFD-ul sa declanseze (sa se opreasca) in
2026-05-20 12:34:45,080  INFO      2957 4-20 (Danfoss_VLT_FC302)  existing_len=1141  qc=rewrite
2026-05-20 12:34:55,166  INFO        -> rewrite: Selecteaza intrarea analogica folosita pentru scalarea limitelor de cuplu din pa
2026-05-20 12:34:55,267  INFO      2958 5-10 (Danfoss_VLT_FC302)  existing_len=1207  qc=rewrite
2026-05-20 12:36:14,323  INFO      START: Danfoss_VLT_FC302/explicatie  batch_size=1  dry=False
2026-05-20 12:36:14,935  INFO      2955 3-03 (Danfoss_VLT_FC302)  existing_len=0  qc=new
2026-05-20 12:36:28,055  INFO        -> new: Defineste valoarea maxima a referintei de viteza sau cuplu. Este limita superioa
2026-05-20 12:36:28,155  INFO      2956 14-26 (Danfoss_VLT_FC302)  existing_len=0  qc=new
2026-05-20 12:36:41,556  INFO        -> new: Seteaza timpul de intarziere pana la declansare in cazul detectarii supratensiun
2026-05-20 12:36:41,656  INFO      2957 4-20 (Danfoss_VLT_FC302)  existing_len=0  qc=new
2026-05-20 12:36:50,942  INFO        -> new: Selecteaza intrarea analogica pentru scalarea limitelor de cuplu in modurile Spe
2026-05-20 12:36:51,043  INFO      2958 5-10 (Danfoss_VLT_FC302)  existing_len=0  qc=new
2026-05-20 12:36:58,107  INFO        -> new: Defineste functia atribuita intrarii digitale de la terminalul 18. Selecteaza ce
2026-05-20 12:36:58,208  INFO      2959 5-12 (Danfoss_VLT_FC302)  existing_len=0  qc=new
2026-05-20 12:37:08,370  INFO        -> new: Configureaza functia terminalului 27 ca intrare digitala. Poate fi programat pen
2026-05-20 12:37:08,471  INFO      2960 5-13 (Danfoss_VLT_FC302)  existing_len=0  qc=new
2026-05-20 12:37:15,297  INFO        -> new: Defineste functia atribuita intrarii digitale de la terminalul 29. Poate fi seta
2026-05-20 12:37:15,398  INFO      2961 5-14 (Danfoss_VLT_FC302)  existing_len=0  qc=new
2026-05-20 12:37:21,244  INFO        -> new: Selecteaza functia asignata intrarii digitale de la terminalul 32. Poate fi conf
2026-05-20 12:37:21,345  INFO      2962 0-60 (Danfoss_VLT_FC302)  existing_len=0  qc=new
2026-05-20 12:37:25,747  INFO        -> new: Defineste parola pentru accesul la Meniul Principal prin tasta [Main Menu]. Daca
2026-05-20 12:37:25,848  INFO      2963 0-20 (Danfoss_VLT_FC302)  existing_len=0  qc=new
2026-05-20 12:37:35,372  INFO        -> new: Selecteaza variabila care va fi afisata pe randul 1 al ecranului, in pozitia din
2026-05-20 12:37:35,473  INFO      2964 0-21 (Danfoss_VLT_FC302)  existing_len=0  qc=new
2026-05-20 12:37:42,605  INFO        -> new: Selecteaza ce parametru sau valoare este afisata pe linia 1.2 a ecranului VFD in
2026-05-20 12:37:42,706  INFO      2965 0-22 (Danfoss_VLT_FC302)  existing_len=0  qc=new
2026-05-20 12:37:50,802  INFO        -> new: Configureaza continutul liniei mici de afisare 1.3 de pe panoul operatorului. Po
2026-05-20 12:37:50,903  INFO      2966 0-23 (Danfoss_VLT_FC302)  existing_len=0  qc=new
2026-05-20 12:38:00,731  INFO        -> new: Selecteaza ce variabila este afisata pe linia 2 a ecranului VFD in format mare. 
2026-05-20 12:38:00,832  INFO      2967 0-24 (Danfoss_VLT_FC302)  existing_len=0  qc=new
2026-05-20 12:38:08,205  INFO        -> new: Configureaza continutul liniei 3 de afisare in format mare. Selecteaza ce parame
2026-05-20 12:38:08,305  INFO      2968 16-00 (Danfoss_VLT_FC302)  existing_len=0  qc=new
2026-05-20 12:38:15,832  INFO        -> new: Parametru doar pentru citire care afiseaza cuvantul de control transmis de conve
2026-05-20 12:38:15,933  INFO      2969 16-01 (Danfoss_VLT_FC302)  existing_len=0  qc=new
2026-05-20 12:38:21,282  INFO        -> new: Defineste unitatea de masura pentru referinta de viteza sau cuplu. Selecteaza Hz
2026-05-20 12:38:21,383  INFO      2970 16-02 (Danfoss_VLT_FC302)  existing_len=0  qc=new
2026-05-20 12:38:30,429  INFO        -> new: Vizualizeaza referinta totala a motorului in procente. Reprezinta suma tuturor s
2026-05-20 12:38:30,529  INFO      2971 16-03 (Danfoss_VLT_FC302)  existing_len=0  qc=new
2026-05-20 12:38:40,175  INFO        -> new: Afiseaza cuvantul de stare al convertizorului de frecventa in format hexazecimal
2026-05-20 12:38:40,275  INFO      2972 16-05 (Danfoss_VLT_FC302)  existing_len=0  qc=new
2026-05-20 12:38:50,957  INFO        -> new: Afiseaza valoarea principala actuala exprimata in procente, transmisa catre mast
2026-05-20 12:38:51,058  INFO      2973 16-10 (Danfoss_VLT_FC302)  existing_len=0  qc=new
2026-05-20 12:38:58,915  INFO        -> new: Afiseaza puterea motorului in kW. Valoarea este calculata automat din tensiunea 
2026-05-20 12:38:59,015  INFO      2974 16-11 (Danfoss_VLT_FC302)  existing_len=0  qc=new
2026-05-20 12:39:15,279  INFO        -> new: Afiseaza puterea motorului in cai putere (hp). Valoarea este calculata automat d
2026-05-20 12:39:15,379  INFO      2975 16-12 (Danfoss_VLT_FC302)  existing_len=0  qc=new
2026-05-20 12:39:24,925  INFO        -> new: Afiseaza tensiunea aplicata motorului in volti, calculata automat de convertizor
2026-05-20 12:39:25,025  INFO      2976 16-13 (Danfoss_VLT_FC302)  existing_len=0  qc=new
2026-05-20 12:39:35,594  INFO        -> new: Afiseaza frecventa actuala a motorului in Hz masurata de invertor. Valoarea este
2026-05-20 12:39:35,695  INFO      2977 16-14 (Danfoss_VLT_FC302)  existing_len=0  qc=new
2026-05-20 12:39:41,516  INFO        -> new: Afiseaza curentul masurat al motorului in amperi, valoare RMS. Citirea este filt
2026-05-20 12:39:41,616  INFO      2978 16-16 (Danfoss_VLT_FC302)  existing_len=0  qc=new
2026-05-20 12:39:52,174  INFO        -> new: Afiseaza valoarea cuplului motor cu semn aplicat axului motor. Precizia masurato
2026-05-20 12:39:52,275  INFO      2979 16-17 (Danfoss_VLT_FC302)  existing_len=0  qc=new
2026-05-20 12:39:58,493  INFO        -> new: Afiseaza turatia actuala a motorului masurata in rotatii pe minut. Este un param
2026-05-20 12:39:58,593  INFO      2980 16-18 (Danfoss_VLT_FC302)  existing_len=0  qc=new
2026-05-20 12:40:08,013  INFO        -> new: Afiseaza sarcina termica calculata a motorului exprimata in procente. Limita de 
2026-05-20 12:40:08,113  INFO      2981 16-20 (Danfoss_VLT_FC302)  existing_len=0  qc=new
2026-05-20 12:40:14,577  INFO        -> new: Afiseaza pozitia unghiulara curenta a motorului masurata de encoder sau resolver
2026-05-20 12:40:14,677  INFO      2982 16-30 (Danfoss_VLT_FC302)  existing_len=0  qc=new
2026-05-20 12:40:21,843  INFO        -> new: Afiseaza tensiunea masurata in circuitul intermediar DC al convertizorului de fr
2026-05-20 12:40:21,943  INFO      2983 16-32 (Danfoss_VLT_FC302)  existing_len=0  qc=new
2026-05-20 12:40:30,608  INFO        -> new: Afiseaza puterea instantanee de franare transmisa catre rezistorul extern de fra
2026-05-20 12:40:30,709  INFO      2984 16-33 (Danfoss_VLT_FC302)  existing_len=0  qc=new
2026-05-20 12:40:42,269  INFO        -> new: Afiseaza valoarea medie a energiei recuperate in timpul operatiei de franare din
2026-05-20 12:40:42,370  INFO      2985 16-34 (Danfoss_VLT_FC302)  existing_len=0  qc=new
2026-05-20 12:40:57,735  INFO      START: Danfoss_VLT_FC302/explicatie  batch_size=1  dry=False
2026-05-20 12:40:58,335  INFO      2955 3-03 (Danfoss_VLT_FC302)  existing_len=309  qc=keep
2026-05-20 12:40:58,335  INFO        -> keep (existing OK)
2026-05-20 12:40:58,336  INFO      2956 14-26 (Danfoss_VLT_FC302)  existing_len=222  qc=keep
2026-05-20 12:40:58,336  INFO        -> keep (existing OK)
2026-05-20 12:40:58,336  INFO      2957 4-20 (Danfoss_VLT_FC302)  existing_len=309  qc=keep
2026-05-20 12:40:58,336  INFO        -> keep (existing OK)
2026-05-20 12:40:58,336  INFO      2958 5-10 (Danfoss_VLT_FC302)  existing_len=270  qc=keep
2026-05-20 12:40:58,336  INFO        -> keep (existing OK)
2026-05-20 12:40:58,336  INFO      2959 5-12 (Danfoss_VLT_FC302)  existing_len=223  qc=keep
2026-05-20 12:40:58,336  INFO        -> keep (existing OK)
2026-05-20 12:40:58,336  INFO      2960 5-13 (Danfoss_VLT_FC302)  existing_len=230  qc=keep
2026-05-20 12:40:58,336  INFO        -> keep (existing OK)
2026-05-20 12:40:58,336  INFO      2961 5-14 (Danfoss_VLT_FC302)  existing_len=263  qc=keep
2026-05-20 12:40:58,336  INFO        -> keep (existing OK)
2026-05-20 12:40:58,336  INFO      2962 0-60 (Danfoss_VLT_FC302)  existing_len=234  qc=keep
2026-05-20 12:40:58,336  INFO        -> keep (existing OK)
2026-05-20 12:40:58,336  INFO      2963 0-20 (Danfoss_VLT_FC302)  existing_len=238  qc=keep
2026-05-20 12:40:58,337  INFO        -> keep (existing OK)
2026-05-20 12:40:58,337  INFO      2964 0-21 (Danfoss_VLT_FC302)  existing_len=286  qc=keep
2026-05-20 12:40:58,337  INFO        -> keep (existing OK)
2026-05-20 12:40:58,337  INFO      2965 0-22 (Danfoss_VLT_FC302)  existing_len=235  qc=keep
2026-05-20 12:40:58,337  INFO        -> keep (existing OK)
2026-05-20 12:40:58,337  INFO      2966 0-23 (Danfoss_VLT_FC302)  existing_len=283  qc=keep
2026-05-20 12:40:58,337  INFO        -> keep (existing OK)
2026-05-20 12:40:58,337  INFO      2967 0-24 (Danfoss_VLT_FC302)  existing_len=200  qc=keep
2026-05-20 12:40:58,337  INFO        -> keep (existing OK)
2026-05-20 12:40:58,337  INFO      2968 16-00 (Danfoss_VLT_FC302)  existing_len=285  qc=keep
2026-05-20 12:40:58,337  INFO        -> keep (existing OK)
2026-05-20 12:40:58,337  INFO      2969 16-01 (Danfoss_VLT_FC302)  existing_len=216  qc=keep
2026-05-20 12:40:58,337  INFO        -> keep (existing OK)
2026-05-20 12:40:58,337  INFO      2970 16-02 (Danfoss_VLT_FC302)  existing_len=278  qc=keep
2026-05-20 12:40:58,337  INFO        -> keep (existing OK)
2026-05-20 12:40:58,337  INFO      2971 16-03 (Danfoss_VLT_FC302)  existing_len=283  qc=keep
2026-05-20 12:40:58,337  INFO        -> keep (existing OK)
2026-05-20 12:40:58,337  INFO      2972 16-05 (Danfoss_VLT_FC302)  existing_len=302  qc=keep
2026-05-20 12:40:58,337  INFO        -> keep (existing OK)
2026-05-20 12:40:58,337  INFO      2973 16-10 (Danfoss_VLT_FC302)  existing_len=256  qc=keep
2026-05-20 12:40:58,338  INFO        -> keep (existing OK)
2026-05-20 12:40:58,338  INFO      2974 16-11 (Danfoss_VLT_FC302)  existing_len=271  qc=keep
2026-05-20 12:40:58,338  INFO        -> keep (existing OK)
2026-05-20 12:40:58,338  INFO      2975 16-12 (Danfoss_VLT_FC302)  existing_len=247  qc=keep
2026-05-20 12:40:58,338  INFO        -> keep (existing OK)
2026-05-20 12:40:58,338  INFO      2976 16-13 (Danfoss_VLT_FC302)  existing_len=250  qc=keep
2026-05-20 12:40:58,338  INFO        -> keep (existing OK)
2026-05-20 12:40:58,338  INFO      2977 16-14 (Danfoss_VLT_FC302)  existing_len=264  qc=keep
2026-05-20 12:40:58,338  INFO        -> keep (existing OK)
2026-05-20 12:40:58,338  INFO      2978 16-16 (Danfoss_VLT_FC302)  existing_len=277  qc=keep
2026-05-20 12:40:58,338  INFO        -> keep (existing OK)
2026-05-20 12:40:58,338  INFO      2979 16-17 (Danfoss_VLT_FC302)  existing_len=208  qc=keep
2026-05-20 12:40:58,338  INFO        -> keep (existing OK)
2026-05-20 12:40:58,338  INFO      2980 16-18 (Danfoss_VLT_FC302)  existing_len=264  qc=keep
2026-05-20 12:40:58,338  INFO        -> keep (existing OK)
2026-05-20 12:40:58,338  INFO      2981 16-20 (Danfoss_VLT_FC302)  existing_len=314  qc=keep
2026-05-20 12:40:58,338  INFO        -> keep (existing OK)
2026-05-20 12:40:58,338  INFO      2982 16-30 (Danfoss_VLT_FC302)  existing_len=276  qc=keep
2026-05-20 12:40:58,339  INFO        -> keep (existing OK)
2026-05-20 12:40:58,339  INFO      2983 16-32 (Danfoss_VLT_FC302)  existing_len=271  qc=keep
2026-05-20 12:40:58,339  INFO        -> keep (existing OK)
2026-05-20 12:40:58,339  INFO      2984 16-33 (Danfoss_VLT_FC302)  existing_len=331  qc=keep
2026-05-20 12:40:58,339  INFO        -> keep (existing OK)
2026-05-20 12:40:58,339  INFO      2985 16-34 (Danfoss_VLT_FC302)  existing_len=0  qc=new
2026-05-20 12:40:58,838  INFO      START: Lenze_i550/explicatie  batch_size=1  dry=False
2026-05-20 12:40:59,431  INFO      4222 0x6080 (Lenze_i550)  existing_len=0  qc=new
2026-05-20 12:40:59,956  INFO      START: Lenze_i950/explicatie  batch_size=1  dry=False
2026-05-20 12:41:00,581  INFO      4235 0x2825 (Lenze_i950)  existing_len=0  qc=new
2026-05-20 12:41:08,130  INFO        -> new: Afiseaza temperatura radiatorului convertizorului de frecventa. Limita de decone
2026-05-20 12:41:08,230  INFO      2986 16-35 (Danfoss_VLT_FC302)  existing_len=0  qc=new
2026-05-20 12:41:08,377  INFO        -> new: Selecteaza modul de control al actionarii motorului. Aceasta seteaza daca VFD fu
2026-05-20 12:41:08,477  INFO      17161 0x2C08 (Lenze_i950)  existing_len=0  qc=new
2026-05-20 12:41:08,724  INFO        -> new: Defineste viteza maxima a motorului in rpm. Limiteaza viteza de functionare pent
2026-05-20 12:41:08,824  INFO      18661 0x4018:003 (Lenze_i550)  existing_len=0  qc=new
2026-05-20 12:41:14,262  INFO        -> new: Afiseaza procentul de incarcare termica a invertorului. Valoarea indica cat de a
2026-05-20 12:41:14,362  INFO      2987 16-36 (Danfoss_VLT_FC302)  existing_len=0  qc=new
2026-05-20 12:41:17,081  INFO        -> new: Seteaza intarzierea la deconectare a releului in secunde. Daca releul este asign
2026-05-20 12:41:17,182  INFO      18662 0x4018:004 (Lenze_i550)  existing_len=0  qc=new
2026-05-20 12:41:18,945  INFO        -> new: Defineste metoda utilizata pentru introducerea parametrilor motorului. Optiunile
2026-05-20 12:41:19,045  INFO      17162 0x2C01:010 (Lenze_i950)  existing_len=0  qc=new
2026-05-20 12:41:23,751  INFO        -> new: Seteaza curentul nominal maxim al invertorului VFD. Acest parametru este utiliza
2026-05-20 12:41:23,852  INFO      2988 16-37 (Danfoss_VLT_FC302)  existing_len=0  qc=new
2026-05-20 12:41:25,147  INFO        -> new: Seteaza timpul de întârziere la închidere pentru releul de iesire. Daca releul e
2026-05-20 12:41:25,247  INFO      18663 0x4018:005 (Lenze_i550)  existing_len=0  qc=new
2026-05-20 12:41:27,087  INFO        -> new: Permite setarea unui nume liber pentru motorul selectat de utilizator. Daca moto
2026-05-20 12:41:27,188  INFO      17163 0x2D4C:003 (Lenze_i950)  existing_len=0  qc=new
2026-05-20 12:41:32,415  INFO        -> new: Afiseaza curentul maxim al invertorului care trebuie sa corespunda cu datele de 
2026-05-20 12:41:32,516  INFO      2989 16-38 (Danfoss_VLT_FC302)  existing_len=0  qc=new
2026-05-20 12:41:33,001  INFO        -> new: Afiseaza starea logica curenta a releului de iesire. Valoarea indica daca releul
2026-05-20 12:41:33,102  INFO      18664 0x4018:006 (Lenze_i550)  existing_len=0  qc=new
2026-05-20 12:41:38,622  INFO        -> new: Defineste factorul de distributie al influentei infasurarii de cupru in modelul 
2026-05-20 12:41:38,722  INFO      17164 0x6073 (Lenze_i950)  existing_len=0  qc=new
2026-05-20 12:41:39,142  INFO        -> new: Afiseaza starea logica a semnalului de trigger pentru releu. Reprezinta starea i
2026-05-20 12:41:39,243  INFO      18665 0x4018:007 (Lenze_i550)  existing_len=0  qc=new
2026-05-20 12:41:42,564  INFO        -> new: Afiseaza starea curenta a controlerului SL (Logic Secvential). Arata ce evenimen
2026-05-20 12:41:42,665  INFO      2990 16-39 (Danfoss_VLT_FC302)  existing_len=0  qc=new
2026-05-20 12:41:43,661  INFO        -> new: Afiseaza numarul de cicluri de comutare ale releului selectat. Acest parametru e
2026-05-20 12:41:43,762  INFO      18667 0x4016:003 (Lenze_i550)  existing_len=0  qc=new
2026-05-20 12:41:46,746  INFO        -> new: Parametru de diagnostic doar pentru citire care afiseaza temperatura placii de c
2026-05-20 12:41:46,847  INFO      2991 16-40 (Danfoss_VLT_FC302)  existing_len=0  qc=new
2026-05-20 12:41:48,511  INFO        -> new: Defineste curentul maxim permis pentru invertor, exprimat in procente fata de cu
2026-05-20 12:41:48,612  INFO      17165 0x6075 (Lenze_i950)  existing_len=0  qc=new
2026-05-20 12:41:49,789  INFO        -> new: Seteaza intarzierea la dezactivarea iesirii digitale 1. Daca iesirea digitala es
2026-05-20 12:41:49,890  INFO      18668 0x4016:004 (Lenze_i550)  existing_len=0  qc=new
2026-05-20 12:41:51,095  INFO        -> new: Indicator de stare care arata daca bufferul de logging este plin. Valoarea 0 ins
2026-05-20 12:41:51,196  INFO      2992 16-50 (Danfoss_VLT_FC302)  existing_len=0  qc=new
2026-05-20 12:41:58,618  INFO        -> new: Seteaza curentul nominal al motorului in amperi. Aceasta valoare serveste ca ref
2026-05-20 12:41:58,719  INFO      17166 0x6076 (Lenze_i950)  existing_len=0  qc=new
2026-05-20 12:42:01,298  INFO        -> new: Seteaza timpul de intarziere la activare pentru iesirea digitala 1. Dupa ce trig
2026-05-20 12:42:01,399  INFO      18669 0x4016:005 (Lenze_i550)  existing_len=0  qc=new
2026-05-20 12:42:03,746  INFO        -> new: Afiseaza valoarea totala a referintei de viteza rezultata din suma tuturor surse
2026-05-20 12:42:03,847  INFO      2993 16-51 (Danfoss_VLT_FC302)  existing_len=0  qc=new
2026-05-20 12:42:06,311  INFO        -> new: Seteaza cuplul nominal al motorului in Newton-metri. Aceasta valoare este folosi
2026-05-20 12:42:06,411  INFO      17167 0x2824 (Lenze_i950)  existing_len=0  qc=new
2026-05-20 12:42:12,809  INFO        -> new: Selecteaza modul de control al invertorului - prin PDO (comunicatie fieldbus) sa
2026-05-20 12:42:12,910  INFO      17168 0x2D51:004 (Lenze_i950)  existing_len=0  qc=new
2026-05-20 12:42:12,972  INFO        -> new: Afiseaza starea logica (0 sau 1) a terminalului fizic X3/DO1. Parametrul este do
2026-05-20 12:42:13,072  INFO      18670 0x4016:006 (Lenze_i550)  existing_len=0  qc=new
2026-05-20 12:42:15,093  INFO        -> new: Afiseaza valoarea referintei provenite de la intrarile digitale programate sau d
2026-05-20 12:42:15,194  INFO      2994 16-52 (Danfoss_VLT_FC302)  existing_len=0  qc=new
2026-05-20 12:45:19,631  INFO      START: Lenze_i950/explicatie  offset=0 limit=100 batch_size=1  dry=False
2026-05-20 12:45:20,224  INFO      4235 0x2825 (Lenze_i950)  existing_len=228  qc=keep
2026-05-20 12:45:20,224  INFO        -> keep (existing OK)
2026-05-20 12:45:20,224  INFO      17161 0x2C08 (Lenze_i950)  existing_len=251  qc=keep
2026-05-20 12:45:20,224  INFO        -> keep (existing OK)
2026-05-20 12:45:20,224  INFO      17162 0x2C01:010 (Lenze_i950)  existing_len=282  qc=keep
2026-05-20 12:45:20,224  INFO        -> keep (existing OK)
2026-05-20 12:45:20,224  INFO      17163 0x2D4C:003 (Lenze_i950)  existing_len=287  qc=keep
2026-05-20 12:45:20,224  INFO        -> keep (existing OK)
2026-05-20 12:45:20,224  INFO      17164 0x6073 (Lenze_i950)  existing_len=349  qc=keep
2026-05-20 12:45:20,224  INFO        -> keep (existing OK)
2026-05-20 12:45:20,224  INFO      17165 0x6075 (Lenze_i950)  existing_len=262  qc=keep
2026-05-20 12:45:20,224  INFO        -> keep (existing OK)
2026-05-20 12:45:20,224  INFO      17166 0x6076 (Lenze_i950)  existing_len=302  qc=keep
2026-05-20 12:45:20,225  INFO        -> keep (existing OK)
2026-05-20 12:45:20,225  INFO      17167 0x2824 (Lenze_i950)  existing_len=269  qc=keep
2026-05-20 12:45:20,225  INFO        -> keep (existing OK)
2026-05-20 12:45:20,225  INFO      17168 0x2D51:004 (Lenze_i950)  existing_len=0  qc=new
2026-05-20 12:45:23,005  INFO      START: Danfoss_VLT_FC302/explicatie  offset=0 limit=100 batch_size=1  dry=False
2026-05-20 12:45:23,603  INFO      2955 3-03 (Danfoss_VLT_FC302)  existing_len=309  qc=keep
2026-05-20 12:45:23,603  INFO        -> keep (existing OK)
2026-05-20 12:45:23,603  INFO      2956 14-26 (Danfoss_VLT_FC302)  existing_len=222  qc=keep
2026-05-20 12:45:23,603  INFO        -> keep (existing OK)
2026-05-20 12:45:23,603  INFO      2957 4-20 (Danfoss_VLT_FC302)  existing_len=309  qc=keep
2026-05-20 12:45:23,603  INFO        -> keep (existing OK)
2026-05-20 12:45:23,603  INFO      2958 5-10 (Danfoss_VLT_FC302)  existing_len=270  qc=keep
2026-05-20 12:45:23,603  INFO        -> keep (existing OK)
2026-05-20 12:45:23,603  INFO      2959 5-12 (Danfoss_VLT_FC302)  existing_len=223  qc=keep
2026-05-20 12:45:23,603  INFO        -> keep (existing OK)
2026-05-20 12:45:23,603  INFO      2960 5-13 (Danfoss_VLT_FC302)  existing_len=230  qc=keep
2026-05-20 12:45:23,603  INFO        -> keep (existing OK)
2026-05-20 12:45:23,603  INFO      2961 5-14 (Danfoss_VLT_FC302)  existing_len=263  qc=keep
2026-05-20 12:45:23,604  INFO        -> keep (existing OK)
2026-05-20 12:45:23,604  INFO      2962 0-60 (Danfoss_VLT_FC302)  existing_len=234  qc=keep
2026-05-20 12:45:23,604  INFO        -> keep (existing OK)
2026-05-20 12:45:23,604  INFO      2963 0-20 (Danfoss_VLT_FC302)  existing_len=238  qc=keep
2026-05-20 12:45:23,604  INFO        -> keep (existing OK)
2026-05-20 12:45:23,604  INFO      2964 0-21 (Danfoss_VLT_FC302)  existing_len=286  qc=keep
2026-05-20 12:45:23,604  INFO        -> keep (existing OK)
2026-05-20 12:45:23,604  INFO      2965 0-22 (Danfoss_VLT_FC302)  existing_len=235  qc=keep
2026-05-20 12:45:23,604  INFO        -> keep (existing OK)
2026-05-20 12:45:23,604  INFO      2966 0-23 (Danfoss_VLT_FC302)  existing_len=283  qc=keep
2026-05-20 12:45:23,604  INFO        -> keep (existing OK)
2026-05-20 12:45:23,604  INFO      2967 0-24 (Danfoss_VLT_FC302)  existing_len=200  qc=keep
2026-05-20 12:45:23,604  INFO        -> keep (existing OK)
2026-05-20 12:45:23,604  INFO      2968 16-00 (Danfoss_VLT_FC302)  existing_len=285  qc=keep
2026-05-20 12:45:23,604  INFO        -> keep (existing OK)
2026-05-20 12:45:23,604  INFO      2969 16-01 (Danfoss_VLT_FC302)  existing_len=216  qc=keep
2026-05-20 12:45:23,604  INFO        -> keep (existing OK)
2026-05-20 12:45:23,604  INFO      2970 16-02 (Danfoss_VLT_FC302)  existing_len=278  qc=keep
2026-05-20 12:45:23,604  INFO        -> keep (existing OK)
2026-05-20 12:45:23,605  INFO      2971 16-03 (Danfoss_VLT_FC302)  existing_len=283  qc=keep
2026-05-20 12:45:23,605  INFO        -> keep (existing OK)
2026-05-20 12:45:23,605  INFO      2972 16-05 (Danfoss_VLT_FC302)  existing_len=302  qc=keep
2026-05-20 12:45:23,605  INFO        -> keep (existing OK)
2026-05-20 12:45:23,605  INFO      2973 16-10 (Danfoss_VLT_FC302)  existing_len=256  qc=keep
2026-05-20 12:45:23,605  INFO        -> keep (existing OK)
2026-05-20 12:45:23,605  INFO      2974 16-11 (Danfoss_VLT_FC302)  existing_len=271  qc=keep
2026-05-20 12:45:23,605  INFO        -> keep (existing OK)
2026-05-20 12:45:23,605  INFO      2975 16-12 (Danfoss_VLT_FC302)  existing_len=247  qc=keep
2026-05-20 12:45:23,605  INFO        -> keep (existing OK)
2026-05-20 12:45:23,605  INFO      2976 16-13 (Danfoss_VLT_FC302)  existing_len=250  qc=keep
2026-05-20 12:45:23,605  INFO        -> keep (existing OK)
2026-05-20 12:45:23,605  INFO      2977 16-14 (Danfoss_VLT_FC302)  existing_len=264  qc=keep
2026-05-20 12:45:23,605  INFO        -> keep (existing OK)
2026-05-20 12:45:23,605  INFO      2978 16-16 (Danfoss_VLT_FC302)  existing_len=277  qc=keep
2026-05-20 12:45:23,605  INFO        -> keep (existing OK)
2026-05-20 12:45:23,605  INFO      2979 16-17 (Danfoss_VLT_FC302)  existing_len=208  qc=keep
2026-05-20 12:45:23,605  INFO        -> keep (existing OK)
2026-05-20 12:45:23,605  INFO      2980 16-18 (Danfoss_VLT_FC302)  existing_len=264  qc=keep
2026-05-20 12:45:23,605  INFO        -> keep (existing OK)
2026-05-20 12:45:23,605  INFO      2981 16-20 (Danfoss_VLT_FC302)  existing_len=314  qc=keep
2026-05-20 12:45:23,606  INFO        -> keep (existing OK)
2026-05-20 12:45:23,606  INFO      2982 16-30 (Danfoss_VLT_FC302)  existing_len=276  qc=keep
2026-05-20 12:45:23,606  INFO        -> keep (existing OK)
2026-05-20 12:45:23,606  INFO      2983 16-32 (Danfoss_VLT_FC302)  existing_len=271  qc=keep
2026-05-20 12:45:23,606  INFO        -> keep (existing OK)
2026-05-20 12:45:23,606  INFO      2984 16-33 (Danfoss_VLT_FC302)  existing_len=331  qc=keep
2026-05-20 12:45:23,606  INFO        -> keep (existing OK)
2026-05-20 12:45:23,606  INFO      2985 16-34 (Danfoss_VLT_FC302)  existing_len=247  qc=keep
2026-05-20 12:45:23,606  INFO        -> keep (existing OK)
2026-05-20 12:45:23,606  INFO      2986 16-35 (Danfoss_VLT_FC302)  existing_len=170  qc=keep
2026-05-20 12:45:23,606  INFO        -> keep (existing OK)
2026-05-20 12:45:23,606  INFO      2987 16-36 (Danfoss_VLT_FC302)  existing_len=204  qc=keep
2026-05-20 12:45:23,606  INFO        -> keep (existing OK)
2026-05-20 12:45:23,606  INFO      2988 16-37 (Danfoss_VLT_FC302)  existing_len=269  qc=keep
2026-05-20 12:45:23,606  INFO        -> keep (existing OK)
2026-05-20 12:45:23,606  INFO      2989 16-38 (Danfoss_VLT_FC302)  existing_len=228  qc=keep
2026-05-20 12:45:23,606  INFO        -> keep (existing OK)
2026-05-20 12:45:23,606  INFO      2990 16-39 (Danfoss_VLT_FC302)  existing_len=233  qc=keep
2026-05-20 12:45:23,606  INFO        -> keep (existing OK)
2026-05-20 12:45:23,607  INFO      2991 16-40 (Danfoss_VLT_FC302)  existing_len=278  qc=keep
2026-05-20 12:45:23,607  INFO        -> keep (existing OK)
2026-05-20 12:45:23,607  INFO      2992 16-50 (Danfoss_VLT_FC302)  existing_len=314  qc=keep
2026-05-20 12:45:23,607  INFO        -> keep (existing OK)
2026-05-20 12:45:23,607  INFO      2993 16-51 (Danfoss_VLT_FC302)  existing_len=251  qc=keep
2026-05-20 12:45:23,607  INFO        -> keep (existing OK)
2026-05-20 12:45:23,607  INFO      2994 16-52 (Danfoss_VLT_FC302)  existing_len=0  qc=new
2026-05-20 12:45:30,412  INFO        -> new: Seteaza pragul de eroare pentru monitorizarea pozitiei motorului. Cand diferenta
2026-05-20 12:45:30,513  INFO      17169 0x2D51:005 (Lenze_i950)  existing_len=0  qc=new
2026-05-20 12:45:30,967  INFO        -> new: Afiseaza unitatea de masura a feedback-ului rezultata din configurarea parametri
2026-05-20 12:45:31,067  INFO      2995 16-53 (Danfoss_VLT_FC302)  existing_len=0  qc=new
2026-05-20 12:45:37,877  INFO        -> new: Seteaza timpul minim in milisecunde pentru care o eroare de pozitie trebuie sa r
2026-05-20 12:45:37,978  INFO      17170 0x2D51:001 (Lenze_i950)  existing_len=0  qc=new
2026-05-20 12:45:38,776  INFO        -> new: Afiseaza valoarea curenta a contributiei potentiometrului digital la referinta d
2026-05-20 12:45:38,877  INFO      2996 16-60 (Danfoss_VLT_FC302)  existing_len=0  qc=new
2026-05-20 12:45:43,067  INFO        -> new: Seteaza pragul de eroare pentru monitorizarea vitezei. Cand diferenta dintre vit
2026-05-20 12:45:43,168  INFO      17171 0x2D51:002 (Lenze_i950)  existing_len=0  qc=new
2026-05-20 12:45:45,943  INFO        -> new: Parameter de diagnostic care afiseaza starea tuturor intrarilor digitale active 
2026-05-20 12:45:46,044  INFO      2997 16-61 (Danfoss_VLT_FC302)  existing_len=0  qc=new
2026-05-20 12:45:52,491  INFO        -> new: Seteaza timpul minim in milisecunde cat trebuie sa persiste o eroare de viteza i
2026-05-20 12:45:52,592  INFO      17172 0x2D00:001 (Lenze_i950)  existing_len=0  qc=new
2026-05-20 12:45:52,756  INFO        -> new: Configureaza tipul semnalului de intrare pentru terminalul 53 (AI1). Cand este 0
2026-05-20 12:45:52,857  INFO      2998 16-62 (Danfoss_VLT_FC302)  existing_len=0  qc=new
2026-05-20 12:46:01,096  INFO        -> new: Afiseaza valoarea actuala a semnalului de la intrarea analogica 53. Parametrul e
2026-05-20 12:46:01,197  INFO      2999 16-63 (Danfoss_VLT_FC302)  existing_len=0  qc=new
2026-05-20 12:46:03,062  INFO        -> new: Seteaza timpul de intarziere pentru touch probe 1. Aceasta intarziere permite co
2026-05-20 12:46:03,163  INFO      17173 0x2946:001 (Lenze_i950)  existing_len=0  qc=new
2026-05-20 12:46:11,006  INFO        -> new: Defineste limita superioara pentru viteza motorului in rpm. Setarea este activa 
2026-05-20 12:46:11,076  INFO        -> new: Seteaza tipul semnalului de intrare pentru terminalul 54 analogic. Poate fi conf
2026-05-20 12:46:11,107  INFO      17174 0x2946:002 (Lenze_i950)  existing_len=0  qc=new
2026-05-20 12:46:11,177  INFO      3000 16-64 (Danfoss_VLT_FC302)  existing_len=0  qc=new
2026-05-20 12:46:21,015  INFO        -> new: Afiseaza valoarea reala masurata la intrarea analogica 54. Este un parametru de 
2026-05-20 12:46:21,116  INFO      3001 16-65 (Danfoss_VLT_FC302)  existing_len=0  qc=new
2026-05-20 12:46:25,320  INFO        -> new: Defineste limita minima a vitezei motorului in rpm. Valoarea poate fi negativa p
2026-05-20 12:46:25,421  INFO      17175 0x60B2 (Lenze_i950)  existing_len=0  qc=new
2026-05-20 12:46:27,641  INFO        -> new: Afiseaza valoarea reala a curentului de iesire la borna analogica 42, masurata i
2026-05-20 12:46:27,741  INFO      3002 16-66 (Danfoss_VLT_FC302)  existing_len=0  qc=new
2026-05-20 12:46:32,331  INFO        -> new: Seteaza offset-ul cuplului motor exprimat in procente din puterea nominala a mot
2026-05-20 12:46:32,431  INFO      17176 0x60E0 (Lenze_i950)  existing_len=0  qc=new
2026-05-20 12:46:32,635  INFO        -> new: Afiseaza valoarea binara a tuturor iesirilor digitale sub forma unui cod cu 4 bi
2026-05-20 12:46:32,736  INFO      3003 16-67 (Danfoss_VLT_FC302)  existing_len=0  qc=new
2026-05-20 12:46:38,380  INFO        -> new: Seteaza limita superioara pentru cuplul pozitiv in regim de control al vitezei c
2026-05-20 12:46:38,481  INFO      17177 0x60E1 (Lenze_i950)  existing_len=0  qc=new
2026-05-20 12:46:42,265  INFO        -> new: Afiseaza frecventa masurata pe terminalul 29. Acest parametru este read-only si 
2026-05-20 12:46:42,366  INFO      3004 16-68 (Danfoss_VLT_FC302)  existing_len=0  qc=new
2026-05-20 12:46:46,596  INFO        -> new: Seteaza limita cuplului negativ (de franare) pentru modul de control viteza cu l
2026-05-20 12:46:46,697  INFO      17178 0x6060 (Lenze_i950)  existing_len=0  qc=new
2026-05-20 12:46:51,882  INFO        -> new: Afiseaza valoarea frecventei masurate la intrarea digitala terminal 33, configur
2026-05-20 12:46:51,983  INFO      3005 16-69 (Danfoss_VLT_FC302)  existing_len=0  qc=new
2026-05-20 12:46:52,602  INFO        -> new: Seteaza modul de operare al drive-ului conform profilului CiA 402. Valorile uzua
2026-05-20 12:46:52,703  INFO      17179 0x6071 (Lenze_i950)  existing_len=0  qc=new
2026-05-20 12:46:59,279  INFO        -> new: Afiseaza frecventa actuala a pulsului aplicat pe borna 27 in modul iesire digita
2026-05-20 12:46:59,380  INFO      3006 16-70 (Danfoss_VLT_FC302)  existing_len=0  qc=new
2026-05-20 12:47:00,368  INFO        -> new: Seteaza cuplul tinta pentru motor in procente din cuplul nominal. Valoarea 100% 
2026-05-20 12:47:00,468  INFO      17180 0x2001 (Lenze_i950)  existing_len=0  qc=new
2026-05-20 12:47:06,525  INFO        -> new: Afiseaza frecventa curenta a iesirii puls #29 in hertzi. Este un parametru de di
2026-05-20 12:47:06,625  INFO      3007 16-71 (Danfoss_VLT_FC302)  existing_len=0  qc=new
2026-05-20 12:47:09,865  INFO        -> new: Permite setarea unui nume personalizat pentru dispozitiv in scop de identificare
2026-05-20 12:47:09,966  INFO      19150 0x6065 (Lenze_i950)  existing_len=0  qc=new
2026-05-20 12:47:16,563  INFO        -> new: Afiseaza starea si configuratia releelor de iesire in format binar. Valoarea 511
2026-05-20 12:47:16,663  INFO      3008 16-72 (Danfoss_VLT_FC302)  existing_len=0  qc=new
2026-05-20 12:47:20,825  INFO        -> new: Seteaza fereastra simetrica de toleranta pentru detectia erorii de urmarire in c
2026-05-20 12:47:20,926  INFO      19151 0x6066 (Lenze_i950)  existing_len=0  qc=new
2026-05-20 12:47:24,374  INFO        -> new: Afiseaza valoarea curenta a numaratorului A. Acest parametru este doar pentru vi
2026-05-20 12:47:24,475  INFO      3009 16-73 (Danfoss_VLT_FC302)  existing_len=0  qc=new
2026-05-20 12:47:28,671  INFO      START: Lenze_i550/explicatie  offset=500 limit=100 batch_size=1  dry=False
2026-05-20 12:47:29,256  INFO      22581 0x401F:002 (Lenze_i550)  existing_len=0  qc=new
2026-05-20 12:47:32,162  INFO      START: Lenze_i550/explicatie  offset=600 limit=100 batch_size=1  dry=False
2026-05-20 12:47:32,864  INFO      22690 0x4023:006 (Lenze_i550)  existing_len=0  qc=new
2026-05-20 12:47:33,080  INFO        -> new: Seteaza timpul de intarziere pentru detectia erorii de urmarire pozitie. Eroarea
2026-05-20 12:47:33,180  INFO      19152 0x6067 (Lenze_i950)  existing_len=0  qc=new
2026-05-20 12:47:33,383  INFO        -> new: Afiseaza valoarea curenta a contorului B. Contorul poate fi folosit ca operand p
2026-05-20 12:47:33,484  INFO      3010 16-80 (Danfoss_VLT_FC302)  existing_len=0  qc=new
2026-05-20 12:47:39,076  INFO      START: Lenze_i550/explicatie  offset=700 limit=100 batch_size=1  dry=False
2026-05-20 12:47:39,659  INFO      22791 0x2640:004 (Lenze_i550)  existing_len=0  qc=new
2026-05-20 12:47:40,184  INFO      START: Lenze_i550/explicatie  offset=800 limit=100 batch_size=1  dry=False
2026-05-20 12:47:40,766  INFO      22891 0x6061 (Lenze_i550)  existing_len=0  qc=new
2026-05-20 12:47:41,145  INFO        -> new: Afiseaza cuvantul de control (CTW) de 2 octeti receptionat de la master-ul field
2026-05-20 12:47:41,245  INFO      3011 16-82 (Danfoss_VLT_FC302)  existing_len=0  qc=new
2026-05-20 12:47:41,295  INFO      START: Lenze_i550/explicatie  offset=900 limit=100 batch_size=1  dry=False
2026-05-20 12:47:41,609  INFO        -> new: Afiseaza valoarea curenta a variabilei de proces (feedback-ul actual) pentru con
2026-05-20 12:47:41,709  INFO      22582 0x291C (Lenze_i550)  existing_len=0  qc=new
2026-05-20 12:47:41,886  INFO      22991 0x1605:001 (Lenze_i550)  existing_len=0  qc=new
2026-05-20 12:47:42,407  INFO      START: Lenze_i550/explicatie  offset=1000 limit=100 batch_size=1  dry=False
2026-05-20 12:47:42,991  INFO      23092 0x2858:001 (Lenze_i550)  existing_len=0  qc=new
2026-05-20 12:47:43,513  INFO      START: Lenze_i550/explicatie  offset=1100 limit=100 batch_size=1  dry=False
2026-05-20 12:47:44,101  INFO      23196 0x1F82 (Lenze_i550)  existing_len=0  qc=new
2026-05-20 12:47:44,634  INFO      START: Lenze_i550/explicatie  offset=1200 limit=100 batch_size=1  dry=False
2026-05-20 12:47:45,222  INFO      23298 0x2382:005 (Lenze_i550)  existing_len=0  qc=new
2026-05-20 12:47:46,135  INFO        -> new: Seteaza pragul de frecventa la care modul de somn al motorului se opreste si mot
2026-05-20 12:47:46,235  INFO      22691 0x4023:002 (Lenze_i550)  existing_len=0  qc=new
2026-05-20 12:47:48,328  INFO        -> new: Afiseaza valoarea de referinta primita de la master-ul fieldbus sub forma unui c
2026-05-20 12:47:48,417  INFO        -> new: Configureaza primul obiect CANopen care va fi primit prin RPDO (A). Formatul est
2026-05-20 12:47:48,429  INFO      3012 16-84 (Danfoss_VLT_FC302)  existing_len=0  qc=new
2026-05-20 12:47:48,517  INFO      22992 0x1605:002 (Lenze_i550)  existing_len=0  qc=new
2026-05-20 12:47:48,592  INFO        -> new: Defineste timpul de decelerare la oprirea rapida. Cand se activeaza comanda de s
2026-05-20 12:47:48,693  INFO      22583 0x291E:001 (Lenze_i550)  existing_len=0  qc=new
2026-05-20 12:47:48,717  INFO        -> new: Seteaza fereastra de toleranta simetrica in jurul pozitiei tinta pentru detectia
2026-05-20 12:47:48,818  INFO      19153 0x6068 (Lenze_i950)  existing_len=0  qc=new
2026-05-20 12:47:50,033  INFO      START: Lenze_i550/explicatie  offset=1300 limit=100 batch_size=1  dry=False
2026-05-20 12:47:50,051  INFO        -> new: Seteaza frecventa maxima a motorului permisa cand se utilizeaza intrarea HTL pen
2026-05-20 12:47:50,151  INFO      22792 0x2640:005 (Lenze_i550)  existing_len=0  qc=new
2026-05-20 12:47:50,445  INFO        -> new: Selecteaza modul activ de operare al drive-ului conform standardului CiA 402. Po
2026-05-20 12:47:50,545  INFO      22892 0x6502 (Lenze_i550)  existing_len=0  qc=new
2026-05-20 12:47:50,632  INFO      23399 0x1863 (Lenze_i550)  existing_len=0  qc=new
2026-05-20 12:47:51,147  INFO      START: Lenze_i550/explicatie  offset=1400 limit=100 batch_size=1  dry=False
2026-05-20 12:47:51,724  INFO      23505 0x2DA3:002 (Lenze_i550)  existing_len=0  qc=new
2026-05-20 12:47:52,008  INFO        -> new: Afiseaza adresa MAC activa a interfetei PROFINET. Este un parametru de diagnosti
2026-05-20 12:47:52,108  INFO      23299 0x2388 (Lenze_i550)  existing_len=0  qc=new
2026-05-20 12:47:52,266  INFO      START: Lenze_i550/explicatie  offset=1500 limit=100 batch_size=1  dry=False
2026-05-20 12:47:52,853  INFO      23605 0x2006:016 (Lenze_i550)  existing_len=0  qc=new
2026-05-20 12:47:53,391  INFO      START: Lenze_i550/explicatie  offset=1600 limit=38 batch_size=1  dry=False
2026-05-20 12:47:53,916  INFO        -> new: Selecteaza raspunsul executat de convertizorul de frecventa daca nu au fost prim
2026-05-20 12:47:53,983  INFO      24272 0x10F3:035 (Lenze_i550)  existing_len=0  qc=new
2026-05-20 12:47:54,017  INFO      23093 0x2858:002 (Lenze_i550)  existing_len=0  qc=new
2026-05-20 12:47:55,309  INFO        -> new: Defineste metoda de oprire a motorului dupa activarea modului sleep PID. Cand pr
2026-05-20 12:47:55,409  INFO      22692 0x4023:003 (Lenze_i550)  existing_len=0  qc=new
2026-05-20 12:47:55,570  INFO        -> new: Configureaza flag-urile de functionalitate pentru nodurile POWERLINK din retea. 
2026-05-20 12:47:55,671  INFO      23197 0x1F83 (Lenze_i550)  existing_len=0  qc=new
2026-05-20 12:47:55,949  INFO        -> new: Configureaza intrarea de mapare 2 pentru un RPDO (Receive PDO) in reteaua CANope
2026-05-20 12:47:56,050  INFO      22993 0x1605:003 (Lenze_i550)  existing_len=0  qc=new
2026-05-20 12:47:56,644  INFO        -> new: Afiseaza modurile de operare suportate de convertizorul de frecventa. Este un pa
2026-05-20 12:47:56,745  INFO      22893 0x605A (Lenze_i550)  existing_len=0  qc=new
2026-05-20 12:47:57,086  INFO        -> new: Defineste factorul de netezire pentru rampele de accelerare/decelerare in forma 
2026-05-20 12:47:57,187  INFO      22584 0x2601:002 (Lenze_i550)  existing_len=0  qc=new
2026-05-20 12:47:58,621  INFO        -> new: Afiseaza cuvantul de stare al optiunii de comunicatie fieldbus extinsa. Fiecare 
2026-05-20 12:47:58,695  INFO        -> new: Seteaza timpul de monitorizare pentru detectia pozitiei tinta. Daca valoarea est
2026-05-20 12:47:58,722  INFO      3013 16-85 (Danfoss_VLT_FC302)  existing_len=0  qc=new
2026-05-20 12:47:58,795  INFO      19154 0x60C0 (Lenze_i950)  existing_len=0  qc=new
2026-05-20 12:47:59,163  INFO        -> new: Afiseaza puterea de iesire in regim de generator pentru analiza energetica in ap
2026-05-20 12:47:59,264  INFO      23506 0x2DA4:001 (Lenze_i550)  existing_len=0  qc=new
2026-05-20 12:47:59,785  INFO        -> new: Defineste limita inferioara pentru referinta PID cand se utilizeaza intrarea HTL
2026-05-20 12:47:59,886  INFO      22793 0x2640:006 (Lenze_i550)  existing_len=0  qc=new
2026-05-20 12:48:00,196  INFO        -> new: Reprezinta intrarea numarul 11 in bufferul istoricului de erori. Contine codul e
2026-05-20 12:48:00,284  INFO        -> new: Afiseaza starea curenta a magistralei PROFINET sub forma de codificare pe biti. 
2026-05-20 12:48:00,296  INFO      23606 0x2006:017 (Lenze_i550)  existing_len=0  qc=new
2026-05-20 12:48:00,384  INFO      23300 0x2389:001 (Lenze_i550)  existing_len=0  qc=new
2026-05-20 12:48:00,833  INFO        -> new: Stocheaza mesajul de diagnostic numarul 29 din istoricul de diagnostice. Acest p
2026-05-20 12:48:00,933  INFO      24273 0x10F3:036 (Lenze_i550)  existing_len=0  qc=new
2026-05-20 12:48:01,754  INFO        -> new: Definit timpul maxim de asteptare pentru comunicatia Modbus. Daca variatorul nu 
2026-05-20 12:48:01,855  INFO      23400 0x1864 (Lenze_i550)  existing_len=0  qc=new
2026-05-20 12:48:02,165  INFO        -> new: Mapeaza un obiect din dictionarul CANopen pentru a fi receptionat prin RPDO (A).
2026-05-20 12:48:02,216  INFO        -> new: Seteaza timpul maxim de asteptare pentru receptia mesajelor prin interfata Modbu
2026-05-20 12:48:02,266  INFO      22994 0x1605:004 (Lenze_i550)  existing_len=0  qc=new
2026-05-20 12:48:02,316  INFO      23094 0x2322:001 (Lenze_i550)  existing_len=0  qc=new
2026-05-20 12:48:02,971  INFO        -> new: Seteaza valoarea implicita a referintei PID pentru controlerul de proces accesib
2026-05-20 12:48:03,071  INFO      22585 0x2911:010 (Lenze_i550)  existing_len=0  qc=new
2026-05-20 12:48:05,076  INFO        -> new: Afiseaza versiunea firmware-ului protocolului de comunicare POWERLINK implementa
2026-05-20 12:48:05,177  INFO      23198 0x1F8C (Lenze_i550)  existing_len=0  qc=new
2026-05-20 12:48:05,548  INFO        -> new: Seteaza pragul de frecventa pentru activarea modului sleep PID. Cand frecventa d
2026-05-20 12:48:05,649  INFO      22693 0x4023:004 (Lenze_i550)  existing_len=0  qc=new
2026-05-20 12:48:05,740  INFO        -> new: Reprezinta inregistrarea mesajului de diagnostic numarul 30 din istoricul de def
2026-05-20 12:48:05,841  INFO      24274 0x10F3:037 (Lenze_i550)  existing_len=0  qc=new
2026-05-20 12:48:06,990  INFO        -> new: Afiseaza valoarea curenta a intrarii analogice 1 (X3/AI1) scalata ca procent. Va
2026-05-20 12:48:07,074  INFO        -> new: Seteaza valoarea maxima a referintei PID cand se utilizeaza o intrare HTL ca sur
2026-05-20 12:48:07,091  INFO      23507 0x2DA4:002 (Lenze_i550)  existing_len=0  qc=new
2026-05-20 12:48:07,174  INFO      22794 0x2640:007 (Lenze_i550)  existing_len=0  qc=new
2026-05-20 12:48:07,278  INFO        -> new: Afiseaza codul erorii inregistrate in pozitia 11 a bufferului de istoric erori. 
2026-05-20 12:48:07,379  INFO      23607 0x2006:018 (Lenze_i550)  existing_len=0  qc=new
2026-05-20 12:48:07,428  INFO        -> new: Afiseaza cuvantul de comanda pe 2 octeti (CTW) receptionat de la masterul fieldb
2026-05-20 12:48:07,492  INFO        -> new: Defineste comportarea controllerului dupa terminarea rampei de oprire rapida (qu
2026-05-20 12:48:07,528  INFO      3014 16-86 (Danfoss_VLT_FC302)  existing_len=0  qc=new
2026-05-20 12:48:07,592  INFO      22894 0x605B (Lenze_i550)  existing_len=0  qc=new
2026-05-20 12:48:08,173  INFO        -> new: Acest avertisment indica faptul ca dispozitivul master Modbus a trimis o cerere 
2026-05-20 12:48:08,274  INFO      23401 0x1865 (Lenze_i550)  existing_len=0  qc=new
2026-05-20 12:48:10,099  INFO        -> new: Afiseaza codul erorii detectate in reteaua PROFINET. Valorile erorilor pot apare
2026-05-20 12:48:10,200  INFO      23301 0x2389:002 (Lenze_i550)  existing_len=0  qc=new
2026-05-20 12:48:10,832  INFO        -> new: Seteaza modul de interpolare pentru tranzitiile de viteza sau cuplu. Aceasta fun
2026-05-20 12:48:10,932  INFO      19155 0x60C2:001 (Lenze_i950)  existing_len=0  qc=new
2026-05-20 12:48:11,660  INFO        -> new: Afiseaza adresa nodului Modbus activa in acel moment. Este un parametru de diagn
2026-05-20 12:48:11,761  INFO      23095 0x2322:002 (Lenze_i550)  existing_len=0  qc=new
2026-05-20 12:48:11,955  INFO        -> new: Configureaza intrarea de mapare 4 pentru obiectul receptionat prin RPDO (A). For
2026-05-20 12:48:12,056  INFO      22995 0x1605:005 (Lenze_i550)  existing_len=0  qc=new
2026-05-20 12:48:12,091  INFO        -> new: Afiseaza mesajul de diagnostic inregistrat in pozitia 31 a istoricului de erori.
2026-05-20 12:48:12,192  INFO      24275 0x2822:006 (Lenze_i550)  existing_len=0  qc=new
2026-05-20 12:48:13,344  INFO        -> new: Seteaza valoarea frecventei pentru presetul 10 al motorului. Poate fi selectat r
2026-05-20 12:48:13,445  INFO      22586 0x2911:011 (Lenze_i550)  existing_len=0  qc=new
2026-05-20 12:48:14,411  INFO        -> new: Afiseaza valoarea curenta a intrarii analogice AI1 (X3/AI1) scalata ca valoare d
2026-05-20 12:48:14,511  INFO      23508 0x2DA4:004 (Lenze_i550)  existing_len=0  qc=new
2026-05-20 12:48:15,053  INFO        -> new: Afiseaza starea curenta NMT a nodului POWERLINK conform specificatiei Ethernet P
2026-05-20 12:48:15,153  INFO      23199 0x1F93:001 (Lenze_i550)  existing_len=0  qc=new
2026-05-20 12:48:15,753  INFO        -> new: Seteaza pragul de feedback pentru activarea modului sleep in bucla PID. Variabil
2026-05-20 12:48:15,854  INFO      22694 0x4023:005 (Lenze_i550)  existing_len=0  qc=new
2026-05-20 12:48:16,198  INFO        -> new: Afiseaza cuvantul de stare (STW) de 2 octeti transmis catre master-ul fieldbus. 
2026-05-20 12:48:16,299  INFO      3015 16-90 (Danfoss_VLT_FC302)  existing_len=0  qc=new
2026-05-20 12:48:16,857  INFO        -> new: Seteaza valoarea minima a cuplului in modul de functionare "MS: Mod Torque". 100
2026-05-20 12:48:16,957  INFO      22795 0x2640:008 (Lenze_i550)  existing_len=0  qc=new
2026-05-20 12:48:17,364  INFO        -> new: Acest cod indica o defectiune de comunicare in retea. Semnaleaza pierderea conex
2026-05-20 12:48:17,464  INFO      23402 0x1866 (Lenze_i550)  existing_len=0  qc=new
2026-05-20 12:48:17,983  INFO        -> new: Afiseaza eroarea detectata pe reteaua PROFINET. Poate aparea impreuna cu eroarea
2026-05-20 12:48:18,084  INFO      23302 0x1843 (Lenze_i550)  existing_len=0  qc=new
2026-05-20 12:48:18,283  INFO        -> new: Afiseaza al 13-lea mesaj de eroare memorat in buffer-ul de istoric al drive-ului
2026-05-20 12:48:18,384  INFO      23608 0x2006:019 (Lenze_i550)  existing_len=0  qc=new
2026-05-20 12:48:18,697  ERROR       Error 0x2640:008: Error code: 429 - {'type': 'error', 'error': {'type': 'rate_limit_error', 'message': 'The Token Plan is designed for individual, interactive developer workflows. Traffic is currently high—please retry shortly. For higher concurrency or automated workloads, consider upgrading to a higher-tier plan or using the pay-as-you-go API. (2062)'}, 'request_id': '065cb6626d417a29cd96cb8cd6a0c0ee'}
2026-05-20 12:48:19,109  INFO        -> new: Afiseaza rata de transfer curenta (baud rate) activa pentru comunicatia Modbus. 
2026-05-20 12:48:19,163  ERROR       Error 0x1866: Error code: 429 - {'type': 'error', 'error': {'type': 'rate_limit_error', 'message': 'The Token Plan is designed for individual, interactive developer workflows. Traffic is currently high—please retry shortly. For higher concurrency or automated workloads, consider upgrading to a higher-tier plan or using the pay-as-you-go API. (2062)'}, 'request_id': '065cb6630a6aa7332c7122f958a6ade2'}
2026-05-20 12:48:19,210  INFO      23096 0x2322:003 (Lenze_i550)  existing_len=0  qc=new
2026-05-20 12:48:19,351  INFO        -> new: Defineste modul in care variatorul comuta din starea 'Operare activata' in stare
2026-05-20 12:48:19,452  INFO      22895 0x6085 (Lenze_i550)  existing_len=0  qc=new
2026-05-20 12:48:19,717  ERROR       Error 0x1843: Error code: 429 - {'type': 'error', 'error': {'type': 'rate_limit_error', 'message': 'The Token Plan is designed for individual, interactive developer workflows. Traffic is currently high—please retry shortly. For higher concurrency or automated workloads, consider upgrading to a higher-tier plan or using the pay-as-you-go API. (2062)'}, 'request_id': '065cb663bffdbf0e18ac6b4aa3ecda66'}
2026-05-20 12:48:20,181  ERROR       Error 0x2006:019: Error code: 429 - {'type': 'error', 'error': {'type': 'rate_limit_error', 'message': 'The Token Plan is designed for individual, interactive developer workflows. Traffic is currently high—please retry shortly. For higher concurrency or automated workloads, consider upgrading to a higher-tier plan or using the pay-as-you-go API. (2062)'}, 'request_id': '065cb66487775ee405ed87f9b28395b5'}
2026-05-20 12:48:20,845  ERROR       Error 0x2322:003: Error code: 429 - {'type': 'error', 'error': {'type': 'rate_limit_error', 'message': 'The Token Plan is designed for individual, interactive developer workflows. Traffic is currently high—please retry shortly. For higher concurrency or automated workloads, consider upgrading to a higher-tier plan or using the pay-as-you-go API. (2062)'}, 'request_id': '065cb664327bfd1e29700bb6c02cc195'}
2026-05-20 12:48:21,269  ERROR       Error 0x6085: Error code: 429 - {'type': 'error', 'error': {'type': 'rate_limit_error', 'message': 'The Token Plan is designed for individual, interactive developer workflows. Traffic is currently high—please retry shortly. For higher concurrency or automated workloads, consider upgrading to a higher-tier plan or using the pay-as-you-go API. (2062)'}, 'request_id': '065cb66587f145227ee8f330b292e778'}
2026-05-20 12:48:22,556  ERROR       Error 0x2640:008: Error code: 429 - {'type': 'error', 'error': {'type': 'rate_limit_error', 'message': 'The Token Plan is designed for individual, interactive developer workflows. Traffic is currently high—please retry shortly. For higher concurrency or automated workloads, consider upgrading to a higher-tier plan or using the pay-as-you-go API. (2062)'}, 'request_id': '065cb666186c00ad53a2ad67322aecc4'}
2026-05-20 12:48:22,594  INFO        -> new: Mapeaza o intrare de date in RPDO (A) - canal de comunicatie CANopen pentru rece
2026-05-20 12:48:22,695  INFO      22996 0x1605:006 (Lenze_i550)  existing_len=0  qc=new
2026-05-20 12:48:22,949  ERROR       Error 0x1866: Error code: 429 - {'type': 'error', 'error': {'type': 'rate_limit_error', 'message': 'The Token Plan is designed for individual, interactive developer workflows. Traffic is currently high—please retry shortly. For higher concurrency or automated workloads, consider upgrading to a higher-tier plan or using the pay-as-you-go API. (2062)'}, 'request_id': '065cb66621e54be29be92eb34b924984'}
2026-05-20 12:48:23,237  INFO        -> new: Defineste multiplicatorul mantisei pentru timpul de interpolare in miscarile de 
2026-05-20 12:48:23,337  INFO      19156 0x60C2:002 (Lenze_i950)  existing_len=0  qc=new
2026-05-20 12:48:23,361  ERROR       Error 0x1843: Error code: 429 - {'type': 'error', 'error': {'type': 'rate_limit_error', 'message': 'The Token Plan is designed for individual, interactive developer workflows. Traffic is currently high—please retry shortly. For higher concurrency or automated workloads, consider upgrading to a higher-tier plan or using the pay-as-you-go API. (2062)'}, 'request_id': '065cb6670846d1fd9aaa0c0b529154ac'}
2026-05-20 12:48:23,811  INFO        -> new: Afiseaza valoarea curenta a intrarii analogice X3/AI1 scalata ca procent din cup
2026-05-20 12:48:23,912  INFO      23509 0x2DA4:016 (Lenze_i550)  existing_len=0  qc=new
2026-05-20 12:48:24,022  ERROR       Error 0x2006:019: Error code: 429 - {'type': 'error', 'error': {'type': 'rate_limit_error', 'message': 'The Token Plan is designed for individual, interactive developer workflows. Traffic is currently high—please retry shortly. For higher concurrency or automated workloads, consider upgrading to a higher-tier plan or using the pay-as-you-go API. (2062)'}, 'request_id': '065cb667ca86f30c67e12d2c7d5866bb'}
2026-05-20 12:48:24,251  INFO        -> new: Seteaza valoarea frecventei pentru presetul 11. Acest preset poate fi selectat r
2026-05-20 12:48:24,301  ERROR       Error 0x1605:006: Error code: 429 - {'type': 'error', 'error': {'type': 'rate_limit_error', 'message': 'The Token Plan is designed for individual, interactive developer workflows. Traffic is currently high—please retry shortly. For higher concurrency or automated workloads, consider upgrading to a higher-tier plan or using the pay-as-you-go API. (2062)'}, 'request_id': '065cb66885ab1ebc994ac55c23ad7e07'}
2026-05-20 12:48:24,352  INFO      22587 0x2911:012 (Lenze_i550)  existing_len=0  qc=new
2026-05-20 12:48:24,490  INFO        -> new: Afiseaza cuvantul de alarma in format hexazecimal transmis prin portul de comuni
2026-05-20 12:48:24,511  ERROR       Error 0x2322:003: Error code: 429 - {'type': 'error', 'error': {'type': 'rate_limit_error', 'message': 'The Token Plan is designed for individual, interactive developer workflows. Traffic is currently high—please retry shortly. For higher concurrency or automated workloads, consider upgrading to a higher-tier plan or using the pay-as-you-go API. (2062)'}, 'request_id': '065cb66895d1c86eb32b97b7cd689288'}
2026-05-20 12:48:24,591  INFO      3016 16-92 (Danfoss_VLT_FC302)  existing_len=0  qc=new
2026-05-20 12:48:24,961  INFO        -> new: Activeaza procedura de identificare a motorului pentru calibrarea parametrilor电气
2026-05-20 12:48:25,034  ERROR       Error 0x6085: Error code: 429 - {'type': 'error', 'error': {'type': 'rate_limit_error', 'message': 'The Token Plan is designed for individual, interactive developer workflows. Traffic is currently high—please retry shortly. For higher concurrency or automated workloads, consider upgrading to a higher-tier plan or using the pay-as-you-go API. (2062)'}, 'request_id': '065cb668ba3322400e97e0dc237268b1'}
2026-05-20 12:48:25,061  INFO      24276 0x2822:010 (Lenze_i550)  existing_len=0  qc=new
2026-05-20 12:48:25,093  ERROR       Error 0x60C2:002: Error code: 429 - {'type': 'error', 'error': {'type': 'rate_limit_error', 'message': 'The Token Plan is designed for individual, interactive developer workflows. Traffic is currently high—please retry shortly. For higher concurrency or automated workloads, consider upgrading to a higher-tier plan or using the pay-as-you-go API. (2062)'}, 'request_id': '065cb669738d4ef3aaaf166537462e3d'}
2026-05-20 12:48:25,689  ERROR       Error 0x2DA4:016: Error code: 429 - {'type': 'error', 'error': {'type': 'rate_limit_error', 'message': 'The Token Plan is designed for individual, interactive developer workflows. Traffic is currently high—please retry shortly. For higher concurrency or automated workloads, consider upgrading to a higher-tier plan or using the pay-as-you-go API. (2062)'}, 'request_id': '065cb6698163022d0ea58864245f3451'}
2026-05-20 12:48:25,910  INFO        -> new: Afiseaza adresa nodului curent valida (Node ID) pe reteaua de comunicatie fieldb
2026-05-20 12:48:26,011  INFO      23200 0x1F93:002 (Lenze_i550)  existing_len=0  qc=new
2026-05-20 12:48:26,018  ERROR       Error 0x2911:012: Error code: 429 - {'type': 'error', 'error': {'type': 'rate_limit_error', 'message': 'The Token Plan is designed for individual, interactive developer workflows. Traffic is currently high—please retry shortly. For higher concurrency or automated workloads, consider upgrading to a higher-tier plan or using the pay-as-you-go API. (2062)'}, 'request_id': '065cb669a75acca20b650549768cda75'}
2026-05-20 12:48:26,451  ERROR       Error 16-92: Error code: 429 - {'type': 'error', 'error': {'type': 'rate_limit_error', 'message': 'The Token Plan is designed for individual, interactive developer workflows. Traffic is currently high—please retry shortly. For higher concurrency or automated workloads, consider upgrading to a higher-tier plan or using the pay-as-you-go API. (2062)'}, 'request_id': '065cb66af6feef27a1a216fd4edbcb42'}
2026-05-20 12:48:26,733  ERROR       Error 0x2822:010: Error code: 429 - {'type': 'error', 'error': {'type': 'rate_limit_error', 'message': 'The Token Plan is designed for individual, interactive developer workflows. Traffic is currently high—please retry shortly. For higher concurrency or automated workloads, consider upgrading to a higher-tier plan or using the pay-as-you-go API. (2062)'}, 'request_id': '065cb66a9202e9312019d9ba9eee8903'}
2026-05-20 12:48:27,757  ERROR       Error 0x1F93:002: Error code: 429 - {'type': 'error', 'error': {'type': 'rate_limit_error', 'message': 'The Token Plan is designed for individual, interactive developer workflows. Traffic is currently high—please retry shortly. For higher concurrency or automated workloads, consider upgrading to a higher-tier plan or using the pay-as-you-go API. (2062)'}, 'request_id': '065cb66b5c4322a59f2f568c6987ec46'}
2026-05-20 12:48:27,945  ERROR       Error 0x1605:006: Error code: 429 - {'type': 'error', 'error': {'type': 'rate_limit_error', 'message': 'The Token Plan is designed for individual, interactive developer workflows. Traffic is currently high—please retry shortly. For higher concurrency or automated workloads, consider upgrading to a higher-tier plan or using the pay-as-you-go API. (2062)'}, 'request_id': '065cb66bbe388650e90269f25bc01eb7'}
2026-05-20 12:48:28,141  ERROR       Error 0x2640:008: Error code: 429 - {'type': 'error', 'error': {'type': 'rate_limit_error', 'message': 'The Token Plan is designed for individual, interactive developer workflows. Traffic is currently high—please retry shortly. For higher concurrency or automated workloads, consider upgrading to a higher-tier plan or using the pay-as-you-go API. (2062)'}, 'request_id': '065cb66cb5c019544a502c088d240e84'}
2026-05-20 12:48:28,688  ERROR       Error 0x1866: Error code: 429 - {'type': 'error', 'error': {'type': 'rate_limit_error', 'message': 'The Token Plan is designed for individual, interactive developer workflows. Traffic is currently high—please retry shortly. For higher concurrency or automated workloads, consider upgrading to a higher-tier plan or using the pay-as-you-go API. (2062)'}, 'request_id': '065cb66c895e7a82f0be5970f766fced'}
2026-05-20 12:48:28,743  ERROR       Error 0x60C2:002: Error code: 429 - {'type': 'error', 'error': {'type': 'rate_limit_error', 'message': 'The Token Plan is designed for individual, interactive developer workflows. Traffic is currently high—please retry shortly. For higher concurrency or automated workloads, consider upgrading to a higher-tier plan or using the pay-as-you-go API. (2062)'}, 'request_id': '065cb66cc8530179417bb71375924a56'}
2026-05-20 12:48:28,939  INFO        -> new: Seteaza timpul minim in care pragul PID trebuie sa fie sub sau depasit inainte c
2026-05-20 12:48:28,957  ERROR       Error 0x1843: Error code: 429 - {'type': 'error', 'error': {'type': 'rate_limit_error', 'message': 'The Token Plan is designed for individual, interactive developer workflows. Traffic is currently high—please retry shortly. For higher concurrency or automated workloads, consider upgrading to a higher-tier plan or using the pay-as-you-go API. (2062)'}, 'request_id': '065cb66c0edf9bd72c8ff4c19cb8296a'}
2026-05-20 12:48:29,040  INFO      22695 0x4023:007 (Lenze_i550)  existing_len=0  qc=new
2026-05-20 12:48:29,541  ERROR       Error 0x2DA4:016: Error code: 429 - {'type': 'error', 'error': {'type': 'rate_limit_error', 'message': 'The Token Plan is designed for individual, interactive developer workflows. Traffic is currently high—please retry shortly. For higher concurrency or automated workloads, consider upgrading to a higher-tier plan or using the pay-as-you-go API. (2062)'}, 'request_id': '065cb66d1a0e7a7a5b120b02e29c4730'}
2026-05-20 12:48:29,649  ERROR       Error 0x2911:012: Error code: 429 - {'type': 'error', 'error': {'type': 'rate_limit_error', 'message': 'The Token Plan is designed for individual, interactive developer workflows. Traffic is currently high—please retry shortly. For higher concurrency or automated workloads, consider upgrading to a higher-tier plan or using the pay-as-you-go API. (2062)'}, 'request_id': '065cb66d26bd7eb6f2de19d63e54c75d'}
2026-05-20 12:48:29,740  ERROR       Error 0x2006:019: Error code: 429 - {'type': 'error', 'error': {'type': 'rate_limit_error', 'message': 'The Token Plan is designed for individual, interactive developer workflows. Traffic is currently high—please retry shortly. For higher concurrency or automated workloads, consider upgrading to a higher-tier plan or using the pay-as-you-go API. (2062)'}, 'request_id': '065cb66d55aac1cf4927fc18a2027144'}
2026-05-20 12:48:30,047  ERROR       Error 16-92: Error code: 429 - {'type': 'error', 'error': {'type': 'rate_limit_error', 'message': 'The Token Plan is designed for individual, interactive developer workflows. Traffic is currently high—please retry shortly. For higher concurrency or automated workloads, consider upgrading to a higher-tier plan or using the pay-as-you-go API. (2062)'}, 'request_id': '065cb66d9aebd9ca2a6015bb9da806e1'}
2026-05-20 12:48:30,144  ERROR       Error 0x2322:003: Error code: 429 - {'type': 'error', 'error': {'type': 'rate_limit_error', 'message': 'The Token Plan is designed for individual, interactive developer workflows. Traffic is currently high—please retry shortly. For higher concurrency or automated workloads, consider upgrading to a higher-tier plan or using the pay-as-you-go API. (2062)'}, 'request_id': '065cb66ef5b290b5eb736ea039c4e304'}
2026-05-20 12:48:30,472  ERROR       Error 0x2822:010: Error code: 429 - {'type': 'error', 'error': {'type': 'rate_limit_error', 'message': 'The Token Plan is designed for individual, interactive developer workflows. Traffic is currently high—please retry shortly. For higher concurrency or automated workloads, consider upgrading to a higher-tier plan or using the pay-as-you-go API. (2062)'}, 'request_id': '065cb66e27083efa8b01919ed786a309'}
2026-05-20 12:48:30,799  ERROR       Error 0x6085: Error code: 429 - {'type': 'error', 'error': {'type': 'rate_limit_error', 'message': 'The Token Plan is designed for individual, interactive developer workflows. Traffic is currently high—please retry shortly. For higher concurrency or automated workloads, consider upgrading to a higher-tier plan or using the pay-as-you-go API. (2062)'}, 'request_id': '065cb66ea57cf855f8ab228396924d57'}
2026-05-20 12:48:30,882  ERROR       Error 0x4023:007: Error code: 429 - {'type': 'error', 'error': {'type': 'rate_limit_error', 'message': 'The Token Plan is designed for individual, interactive developer workflows. Traffic is currently high—please retry shortly. For higher concurrency or automated workloads, consider upgrading to a higher-tier plan or using the pay-as-you-go API. (2062)'}, 'request_id': '065cb66ed6ff944818c17bebea3fb7cb'}
2026-05-20 12:48:31,406  ERROR       Error 0x1F93:002: Error code: 429 - {'type': 'error', 'error': {'type': 'rate_limit_error', 'message': 'The Token Plan is designed for individual, interactive developer workflows. Traffic is currently high—please retry shortly. For higher concurrency or automated workloads, consider upgrading to a higher-tier plan or using the pay-as-you-go API. (2062)'}, 'request_id': '065cb66fe9cf417b23565048b7093606'}
2026-05-20 12:48:33,828  ERROR       Error 0x1605:006: Error code: 429 - {'type': 'error', 'error': {'type': 'rate_limit_error', 'message': 'The Token Plan is designed for individual, interactive developer workflows. Traffic is currently high—please retry shortly. For higher concurrency or automated workloads, consider upgrading to a higher-tier plan or using the pay-as-you-go API. (2062)'}, 'request_id': '065cb6710353b78688d7523b7377e9dc'}
2026-05-20 12:48:34,142  INFO      22796 0x2640:009 (Lenze_i550)  existing_len=0  qc=new
2026-05-20 12:48:34,367  ERROR       Error 0x60C2:002: Error code: 429 - {'type': 'error', 'error': {'type': 'rate_limit_error', 'message': 'The Token Plan is designed for individual, interactive developer workflows. Traffic is currently high—please retry shortly. For higher concurrency or automated workloads, consider upgrading to a higher-tier plan or using the pay-as-you-go API. (2062)'}, 'request_id': '065cb672c094bfd9577dd61f3e7885ff'}
2026-05-20 12:48:34,689  INFO      23403 0x1867 (Lenze_i550)  existing_len=0  qc=new
2026-05-20 12:48:34,696  ERROR       Error 0x4023:007: Error code: 429 - {'type': 'error', 'error': {'type': 'rate_limit_error', 'message': 'The Token Plan is designed for individual, interactive developer workflows. Traffic is currently high—please retry shortly. For higher concurrency or automated workloads, consider upgrading to a higher-tier plan or using the pay-as-you-go API. (2062)'}, 'request_id': '065cb67286ecff3519809558769a2d98'}
2026-05-20 12:48:34,958  INFO      23303 0x1813 (Lenze_i550)  existing_len=0  qc=new
2026-05-20 12:48:35,395  ERROR       Error 0x2DA4:016: Error code: 429 - {'type': 'error', 'error': {'type': 'rate_limit_error', 'message': 'The Token Plan is designed for individual, interactive developer workflows. Traffic is currently high—please retry shortly. For higher concurrency or automated workloads, consider upgrading to a higher-tier plan or using the pay-as-you-go API. (2062)'}, 'request_id': '065cb673428ea919e0eeb7ffe20023ca'}
2026-05-20 12:48:35,741  INFO      23609 0x2006:020 (Lenze_i550)  existing_len=0  qc=new
2026-05-20 12:48:35,827  ERROR       Error 0x2911:012: Error code: 429 - {'type': 'error', 'error': {'type': 'rate_limit_error', 'message': 'The Token Plan is designed for individual, interactive developer workflows. Traffic is currently high—please retry shortly. For higher concurrency or automated workloads, consider upgrading to a higher-tier plan or using the pay-as-you-go API. (2062)'}, 'request_id': '065cb673ce12b9293669283d551400e2'}
2026-05-20 12:48:35,828  ERROR       Error 16-92: Error code: 429 - {'type': 'error', 'error': {'type': 'rate_limit_error', 'message': 'The Token Plan is designed for individual, interactive developer workflows. Traffic is currently high—please retry shortly. For higher concurrency or automated workloads, consider upgrading to a higher-tier plan or using the pay-as-you-go API. (2062)'}, 'request_id': '065cb6738afa03071cf1af019132bea0'}
2026-05-20 12:48:36,145  INFO      23097 0x2323 (Lenze_i550)  existing_len=0  qc=new
2026-05-20 12:48:36,259  ERROR       Error 0x2822:010: Error code: 429 - {'type': 'error', 'error': {'type': 'rate_limit_error', 'message': 'The Token Plan is designed for individual, interactive developer workflows. Traffic is currently high—please retry shortly. For higher concurrency or automated workloads, consider upgrading to a higher-tier plan or using the pay-as-you-go API. (2062)'}, 'request_id': '065cb674b0625665d91bc3a4e3ce77ea'}
2026-05-20 12:48:36,587  ERROR       Error 0x2640:009: Error code: 429 - {'type': 'error', 'error': {'type': 'rate_limit_error', 'message': 'The Token Plan is designed for individual, interactive developer workflows. Traffic is currently high—please retry shortly. For higher concurrency or automated workloads, consider upgrading to a higher-tier plan or using the pay-as-you-go API. (2062)'}, 'request_id': '065cb674eacd3c295c86b3d6ae8a731c'}
2026-05-20 12:48:36,799  INFO      22896 0x6048:002 (Lenze_i550)  existing_len=0  qc=new
2026-05-20 12:48:37,051  ERROR       Error 0x1F93:002: Error code: 429 - {'type': 'error', 'error': {'type': 'rate_limit_error', 'message': 'The Token Plan is designed for individual, interactive developer workflows. Traffic is currently high—please retry shortly. For higher concurrency or automated workloads, consider upgrading to a higher-tier plan or using the pay-as-you-go API. (2062)'}, 'request_id': '065cb67429261994562d7c9a2b6f7eb2'}
2026-05-20 12:48:37,263  ERROR       Error 0x1813: Error code: 429 - {'type': 'error', 'error': {'type': 'rate_limit_error', 'message': 'The Token Plan is designed for individual, interactive developer workflows. Traffic is currently high—please retry shortly. For higher concurrency or automated workloads, consider upgrading to a higher-tier plan or using the pay-as-you-go API. (2062)'}, 'request_id': '065cb6755100f464797691ba71cd35e4'}
2026-05-20 12:48:38,021  ERROR       Error 0x2006:020: Error code: 429 - {'type': 'error', 'error': {'type': 'rate_limit_error', 'message': 'The Token Plan is designed for individual, interactive developer workflows. Traffic is currently high—please retry shortly. For higher concurrency or automated workloads, consider upgrading to a higher-tier plan or using the pay-as-you-go API. (2062)'}, 'request_id': '065cb6758bbb06307a00114bb11666b7'}
2026-05-20 12:48:38,273  ERROR       Error 0x2323: Error code: 429 - {'type': 'error', 'error': {'type': 'rate_limit_error', 'message': 'The Token Plan is designed for individual, interactive developer workflows. Traffic is currently high—please retry shortly. For higher concurrency or automated workloads, consider upgrading to a higher-tier plan or using the pay-as-you-go API. (2062)'}, 'request_id': '065cb676e752a29c96e441eb4d0398b4'}
2026-05-20 12:48:38,984  ERROR       Error 0x6048:002: Error code: 429 - {'type': 'error', 'error': {'type': 'rate_limit_error', 'message': 'The Token Plan is designed for individual, interactive developer workflows. Traffic is currently high—please retry shortly. For higher concurrency or automated workloads, consider upgrading to a higher-tier plan or using the pay-as-you-go API. (2062)'}, 'request_id': '065cb676cb0225575331988e3b144108'}
2026-05-20 12:48:39,829  INFO      22997 0x1605:007 (Lenze_i550)  existing_len=0  qc=new
2026-05-20 12:48:40,368  INFO      19157 0x607A (Lenze_i950)  existing_len=0  qc=new
2026-05-20 12:48:41,396  INFO      23510 0x2DA5:001 (Lenze_i550)  existing_len=0  qc=new
2026-05-20 12:48:41,827  INFO      22588 0x2911:013 (Lenze_i550)  existing_len=0  qc=new
2026-05-20 12:48:41,828  INFO      3017 0-01 (Danfoss_VLT_FC302)  existing_len=0  qc=new
2026-05-20 12:48:42,260  INFO      24277 0x404C:003 (Lenze_i550)  existing_len=0  qc=new
2026-05-20 12:48:43,051  INFO      23201 0x1F98:001 (Lenze_i550)  existing_len=0  qc=new
2026-05-20 12:48:45,366  INFO        -> new: Defineste intrarea de mapare 7 pentru selectarea unui obiect din dictionarul de 
2026-05-20 12:48:45,455  INFO        -> new: Acest parametru indica o avertizare legata de ventilatorul radiatorului VFD-ului
2026-05-20 12:48:45,467  INFO      22998 0x1605:008 (Lenze_i550)  existing_len=0  qc=new
2026-05-20 12:48:45,555  INFO      23304 0x1809 (Lenze_i550)  existing_len=0  qc=new
2026-05-20 12:48:46,152  INFO        -> new: Contorizeaza erorile CRC detectate pe reteaua POWERLINK. Eroarea CRC indica dete
2026-05-20 12:48:46,252  INFO      23404 0x1868 (Lenze_i550)  existing_len=0  qc=new
2026-05-20 12:48:46,678  INFO        -> new: Defineste pozitia tinta pentru modul de control pozitional. Valoarea reprezinta 
2026-05-20 12:48:46,779  INFO      19158 0x60B1 (Lenze_i950)  existing_len=0  qc=new
2026-05-20 12:48:47,496  INFO        -> new: Defineste constanta de timp PT1 pentru filtrul trece-jos al intrarii HTL IN1. O 
2026-05-20 12:48:47,597  INFO      22797 0x2641:001 (Lenze_i550)  existing_len=0  qc=new
2026-05-20 12:48:48,803  INFO        -> new: Seteaza durata intervalului de timp (delta time) pentru rampa de acceleratie con
2026-05-20 12:48:48,888  INFO        -> new: Afiseaza configuratia switch-urilor DIP pentru comunicatia Modbus. Valoarea afis
2026-05-20 12:48:48,903  INFO      22897 0x6048:001 (Lenze_i550)  existing_len=0  qc=new
2026-05-20 12:48:48,989  INFO      23098 0x232A:001 (Lenze_i550)  existing_len=0  qc=new
2026-05-20 12:48:49,857  INFO        -> new: Afiseaza valoarea curenta a intrarii analogice AI2 scalata in procente. 100% cor
2026-05-20 12:48:49,957  INFO      23511 0x2DA5:016 (Lenze_i550)  existing_len=0  qc=new
2026-05-20 12:48:50,242  INFO        -> new: Indică momentul în care motorul a atins curentul maxim permis de variator. Este 
2026-05-20 12:48:50,342  INFO      23305 0x231C:001 (Lenze_i550)  existing_len=0  qc=new
2026-05-20 12:48:50,920  INFO        -> new: Afiseaza codul erorii inregistrate in pozitia 15 a bufferului de istoric de eror
2026-05-20 12:48:51,020  INFO      23610 0x2006:021 (Lenze_i550)  existing_len=0  qc=new
2026-05-20 12:48:52,028  INFO        -> new: Configureaza intrarea de mapare 8 pentru obiectul receptionat prin RPDO (A). For
2026-05-20 12:48:52,069  INFO        -> new: Seteaza factorul de influenta al PID asupra referintei de viteza. La 100% iesire
2026-05-20 12:48:52,128  INFO      22999 0x1605:009 (Lenze_i550)  existing_len=0  qc=new
2026-05-20 12:48:52,170  INFO      24278 0x2639:006 (Lenze_i550)  existing_len=0  qc=new
2026-05-20 12:48:53,642  INFO        -> new: Selecteaza limba de afisare pentru meniuri si mesaje pe ecranul VFD. Limba impli
2026-05-20 12:48:53,711  INFO        -> new: Seteaza valoarea frecventei pentru presetul 13 din cele 16 disponibile. Aceasta 
2026-05-20 12:48:53,743  INFO      3018 1-20 (Danfoss_VLT_FC302)  existing_len=0  qc=new
2026-05-20 12:48:53,812  INFO      22589 0x2911:014 (Lenze_i550)  existing_len=0  qc=new
2026-05-20 12:48:54,065  INFO        -> new: Acest parametru indica o eroare de mapare PDO in reteaua de comunicatie fieldbus
2026-05-20 12:48:54,088  INFO        -> new: Afiseaza numarul total de mesaje primite prin interfata Modbus. Contorizeaza ata
2026-05-20 12:48:54,165  INFO      23405 0x1869 (Lenze_i550)  existing_len=0  qc=new
2026-05-20 12:48:54,189  INFO      23099 0x232A:002 (Lenze_i550)  existing_len=0  qc=new
2026-05-20 12:48:56,942  INFO        -> new: Aceasta valoare reprezinta o compensare aditiva care se aduna la referinta de vi
2026-05-20 12:48:57,043  INFO      19159 0x6064 (Lenze_i950)  existing_len=0  qc=new
2026-05-20 12:48:57,218  INFO        -> new: Seteaza pragul minim de frecventa pentru monitorizarea intrarii HTL IN1. Cand fr
2026-05-20 12:48:57,318  INFO      22798 0x2641:002 (Lenze_i550)  existing_len=0  qc=new
2026-05-20 12:48:57,679  INFO        -> new: Afiseaza dimensiunea maxima a payload-ului pentru memoria de transmisie izocrona
2026-05-20 12:48:57,772  INFO        -> new: Seteaza constanta de timp pentru filtrul de netezire a semnalului pe iesirea ana
2026-05-20 12:48:57,780  INFO      23202 0x1F98:002 (Lenze_i550)  existing_len=0  qc=new
2026-05-20 12:48:57,873  INFO      24279 0x263A:006 (Lenze_i550)  existing_len=0  qc=new
2026-05-20 12:48:58,210  INFO        -> new: Defineste intervalul de toleranta fata de punctul de referinta PID pentru iesire
2026-05-20 12:48:58,310  INFO      22696 0x4023:008 (Lenze_i550)  existing_len=0  qc=new
2026-05-20 12:48:58,472  INFO        -> new: Inregistrare numarul 16 din buffer-ul de istoric al erorilor. Stocheaza codul me
2026-05-20 12:48:58,573  INFO      23611 0x2006:022 (Lenze_i550)  existing_len=0  qc=new
2026-05-20 12:48:58,604  INFO        -> new: Afiseaza ultimele date valide receptionate prin canalul de comunicatie IO-Link. 
2026-05-20 12:48:58,705  INFO      23306 0x231C:002 (Lenze_i550)  existing_len=0  qc=new
2026-05-20 12:48:59,440  INFO        -> new: Defineste puterea nominala a motorului in kW. Acest parametru este esential pent
2026-05-20 12:48:59,541  INFO      3019 1-22 (Danfoss_VLT_FC302)  existing_len=0  qc=new
2026-05-20 12:49:00,260  INFO        -> new: Defineste variatia de viteza (in rpm) pentru rampa de accelerare conform profilu
2026-05-20 12:49:00,361  INFO      22898 0x6042 (Lenze_i550)  existing_len=0  qc=new
2026-05-20 12:49:01,321  INFO        -> new: Afiseaza starea intrarii analogice 2 (AI2 pe X3) sub forma de codificare pe biti
2026-05-20 12:49:01,421  INFO      23512 0x60FD (Lenze_i550)  existing_len=0  qc=new
2026-05-20 12:49:01,643  INFO        -> new: Afiseaza numarul de mesaje Modbus valide primite de convertizor. Este un contor 
2026-05-20 12:49:01,743  INFO      23100 0x232A:003 (Lenze_i550)  existing_len=0  qc=new
2026-05-20 12:49:04,434  INFO        -> new: Defineste intrarea de mapare 9 pentru selectarea unui obiect CANopen care va fi 
2026-05-20 12:49:04,486  INFO        -> new: Seteaza valoarea presetului 14 pentru frecventa motorului in herti. Acest preset
2026-05-20 12:49:04,535  INFO      23000 0x1605:010 (Lenze_i550)  existing_len=0  qc=new
2026-05-20 12:49:04,586  INFO      22590 0x2631:023 (Lenze_i550)  existing_len=0  qc=new
2026-05-20 12:49:04,923  INFO        -> new: Reprezinta starea de timeout pe canalul CAN RPDO1 (Receive Process Data Object 1
2026-05-20 12:49:05,024  INFO      23406 0x186A (Lenze_i550)  existing_len=0  qc=new
2026-05-20 12:49:05,128  INFO        -> new: Acest parametru afiseaza ultima data valida receptionata prin comunicatia de tip
2026-05-20 12:49:05,228  INFO      23307 0x231D (Lenze_i550)  existing_len=0  qc=new
2026-05-20 12:49:06,156  INFO        -> new: Stocheaza codul ultimei erori inregistrate in memoria drive-ului. Accesati intra
2026-05-20 12:49:06,256  INFO      23612 0x2006:023 (Lenze_i550)  existing_len=0  qc=new
2026-05-20 12:49:06,764  INFO        -> new: Seteaza pragul minim de timp pentru decelerare la monitorizarea intrarii HTL IN1
2026-05-20 12:49:06,864  INFO      22799 0x2641:003 (Lenze_i550)  existing_len=0  qc=new
2026-05-20 12:49:06,941  INFO        -> new: Afiseaza dimensiunea maxima a payload-ului pentru receptie izocrona in reteaua C
2026-05-20 12:49:07,041  INFO      23203 0x1F98:003 (Lenze_i550)  existing_len=0  qc=new
2026-05-20 12:49:07,486  INFO        -> new: Afiseaza numarul de mesaje Modbus receptionate care contin exceptii (erori de co
2026-05-20 12:49:07,587  INFO      23101 0x232A:004 (Lenze_i550)  existing_len=0  qc=new
2026-05-20 12:49:08,176  INFO        -> new: Seteaza timpul de filtrare pentru iesirea analogica 2 (AO2). Cu cat valoarea est
2026-05-20 12:49:08,277  INFO      24280 0x2552:008 (Lenze_i550)  existing_len=0  qc=new
2026-05-20 12:49:09,461  INFO        -> new: Afiseaza pozitia curenta a motorului in unitati de pozitie (counts encoder sau a
2026-05-20 12:49:09,561  INFO      19160 0x6077 (Lenze_i950)  existing_len=0  qc=new
2026-05-20 12:49:09,766  WARNING     Bad categorie 'Altol' for 0x4023:008, retry
2026-05-20 12:49:10,127  INFO        -> new: Afiseaza starea curenta a intrarilor digitale sub forma de biti. Fiecare bit rep
2026-05-20 12:49:10,228  INFO      23513 0x2DAC (Lenze_i550)  existing_len=0  qc=new
2026-05-20 12:49:10,249  INFO        -> new: Seteaza timpul maxim de asteptare pentru receptionarea datelor pe RPDO2 (Receive
2026-05-20 12:49:10,350  INFO      23407 0x186B (Lenze_i550)  existing_len=0  qc=new
2026-05-20 12:49:11,094  INFO        -> new: Seteaza tensiunea nominala a motorului conform placutei de identificare. Aceasta
2026-05-20 12:49:11,194  INFO      3020 1-23 (Danfoss_VLT_FC302)  existing_len=0  qc=new
2026-05-20 12:49:11,635  INFO        -> new: Seteaza viteza tinta a motorului in mod velocity conform profilului CiA 402. Val
2026-05-20 12:49:11,736  INFO      22899 0x6046:001 (Lenze_i550)  existing_len=0  qc=new
2026-05-20 12:49:12,068  INFO        -> new: Afiseaza selectia setului de date de proces (PDO) utilizat pentru comunicatia fi
2026-05-20 12:49:12,168  INFO      23309 0x2315 (Lenze_i550)  existing_len=0  qc=new
2026-05-20 12:49:12,238  INFO        -> new: Afiseaza numarul de mesaje Modbus primite cu eroare de integritate a datelor (pa
2026-05-20 12:49:12,339  INFO      23102 0x232A:005 (Lenze_i550)  existing_len=0  qc=new
2026-05-20 12:49:12,629  INFO        -> new: Stocheaza intrarea 18 din buffer-ul de istoric al erorilor VFD. Contine codul er
2026-05-20 12:49:12,730  INFO      23613 0x2006:024 (Lenze_i550)  existing_len=0  qc=new
2026-05-20 12:49:12,950  INFO        -> new: Defineste comportamentul valorii MOP (punctului de functionare al motorului) dup
2026-05-20 12:49:13,051  INFO      22591 0x2631:024 (Lenze_i550)  existing_len=0  qc=new
2026-05-20 12:49:13,085  INFO        -> new: Seteaza pragul maxim de frecventa pentru monitorizarea intrarii HTL IN1. Daca fr
2026-05-20 12:49:13,185  INFO      22800 0x2641:004 (Lenze_i550)  existing_len=0  qc=new
2026-05-20 12:49:13,296  INFO        -> new: Defineste intrarea 10 de mapping pentru RPDO (Receive Process Data Object) in mo
2026-05-20 12:49:13,396  INFO      23001 0x1605:011 (Lenze_i550)  existing_len=0  qc=new
2026-05-20 12:49:14,613  ERROR       Error 0x2631:024: Error code: 429 - {'type': 'error', 'error': {'type': 'rate_limit_error', 'message': 'The Token Plan is designed for individual, interactive developer workflows. Traffic is currently high—please retry shortly. For higher concurrency or automated workloads, consider upgrading to a higher-tier plan or using the pay-as-you-go API. (2062)'}, 'request_id': '065cb69aa471b8cd904bb645ca9a0445'}
2026-05-20 12:49:14,967  ERROR       Error 0x2641:004: Error code: 429 - {'type': 'error', 'error': {'type': 'rate_limit_error', 'message': 'The Token Plan is designed for individual, interactive developer workflows. Traffic is currently high—please retry shortly. For higher concurrency or automated workloads, consider upgrading to a higher-tier plan or using the pay-as-you-go API. (2062)'}, 'request_id': '065cb69a14d8660e6d54e2635ec083a6'}
2026-05-20 12:49:15,119  ERROR       Error 0x1605:011: Error code: 429 - {'type': 'error', 'error': {'type': 'rate_limit_error', 'message': 'The Token Plan is designed for individual, interactive developer workflows. Traffic is currently high—please retry shortly. For higher concurrency or automated workloads, consider upgrading to a higher-tier plan or using the pay-as-you-go API. (2062)'}, 'request_id': '065cb69bdcbccafd557abcba16479063'}
2026-05-20 12:49:15,717  INFO        -> new: Acest parametru defineste adresa parametrului tinta care va primi valoarea din P
2026-05-20 12:49:15,818  INFO      24281 0x2552:009 (Lenze_i550)  existing_len=0  qc=new
2026-05-20 12:49:15,963  INFO        -> new: Afiseaza starea tastelor panoului de comanda sub forma de biti. Bit 0 = tasta ST
2026-05-20 12:49:16,063  INFO      23514 0x2DAD (Lenze_i550)  existing_len=0  qc=new
2026-05-20 12:49:17,488  ERROR       Error 0x2552:009: Error code: 429 - {'type': 'error', 'error': {'type': 'rate_limit_error', 'message': 'The Token Plan is designed for individual, interactive developer workflows. Traffic is currently high—please retry shortly. For higher concurrency or automated workloads, consider upgrading to a higher-tier plan or using the pay-as-you-go API. (2062)'}, 'request_id': '065cb69d946ee2422f1d2b08d9bd782d'}
2026-05-20 12:49:17,801  ERROR       Error 0x2DAD: Error code: 429 - {'type': 'error', 'error': {'type': 'rate_limit_error', 'message': 'The Token Plan is designed for individual, interactive developer workflows. Traffic is currently high—please retry shortly. For higher concurrency or automated workloads, consider upgrading to a higher-tier plan or using the pay-as-you-go API. (2062)'}, 'request_id': '065cb69d564bb5f7ca71a666517c92bc'}
2026-05-20 12:49:18,354  ERROR       Error 0x2631:024: Error code: 429 - {'type': 'error', 'error': {'type': 'rate_limit_error', 'message': 'The Token Plan is designed for individual, interactive developer workflows. Traffic is currently high—please retry shortly. For higher concurrency or automated workloads, consider upgrading to a higher-tier plan or using the pay-as-you-go API. (2062)'}, 'request_id': '065cb69ea661d056dc7003da01c692da'}
2026-05-20 12:49:18,502  INFO        -> new: Afiseaza intarzierea maxima a raspunsului isochron in comunicatia CANopen. Valoa
2026-05-20 12:49:18,603  INFO      23204 0x23C2:001 (Lenze_i550)  existing_len=0  qc=new
2026-05-20 12:49:18,680  ERROR       Error 0x2641:004: Error code: 429 - {'type': 'error', 'error': {'type': 'rate_limit_error', 'message': 'The Token Plan is designed for individual, interactive developer workflows. Traffic is currently high—please retry shortly. For higher concurrency or automated workloads, consider upgrading to a higher-tier plan or using the pay-as-you-go API. (2062)'}, 'request_id': '065cb69e9312d7a9529929dd9bb4b996'}
2026-05-20 12:49:18,742  INFO        -> new: Seteaza viteza minima a motorului in rpm pentru modul de functionare viteza. Val
2026-05-20 12:49:18,771  ERROR       Error 0x1605:011: Error code: 429 - {'type': 'error', 'error': {'type': 'rate_limit_error', 'message': 'The Token Plan is designed for individual, interactive developer workflows. Traffic is currently high—please retry shortly. For higher concurrency or automated workloads, consider upgrading to a higher-tier plan or using the pay-as-you-go API. (2062)'}, 'request_id': '065cb69eaf4c3b85fef4c91a0fd4ddb0'}
2026-05-20 12:49:18,843  INFO      22900 0x6046:002 (Lenze_i550)  existing_len=0  qc=new
2026-05-20 12:49:20,388  ERROR       Error 0x23C2:001: Error code: 429 - {'type': 'error', 'error': {'type': 'rate_limit_error', 'message': 'The Token Plan is designed for individual, interactive developer workflows. Traffic is currently high—please retry shortly. For higher concurrency or automated workloads, consider upgrading to a higher-tier plan or using the pay-as-you-go API. (2062)'}, 'request_id': '065cb6a0de424031a12b812db9acf4ef'}
2026-05-20 12:49:20,458  INFO        -> new: Contor read-only care afiseaza numarul total de mesaje Modbus trimise de convert
2026-05-20 12:49:20,558  INFO      23103 0x232E:001 (Lenze_i550)  existing_len=0  qc=new
2026-05-20 12:49:20,598  ERROR       Error 0x6046:002: Error code: 429 - {'type': 'error', 'error': {'type': 'rate_limit_error', 'message': 'The Token Plan is designed for individual, interactive developer workflows. Traffic is currently high—please retry shortly. For higher concurrency or automated workloads, consider upgrading to a higher-tier plan or using the pay-as-you-go API. (2062)'}, 'request_id': '065cb6a0668dec0bd26586ca376ff549'}
2026-05-20 12:49:20,629  INFO        -> new: Afiseaza cuplul actual al motorului exprimat in procente fata de cuplul nominal.
2026-05-20 12:49:20,729  INFO      19161 0x60F4 (Lenze_i950)  existing_len=0  qc=new
2026-05-20 12:49:21,242  ERROR       Error 0x2552:009: Error code: 429 - {'type': 'error', 'error': {'type': 'rate_limit_error', 'message': 'The Token Plan is designed for individual, interactive developer workflows. Traffic is currently high—please retry shortly. For higher concurrency or automated workloads, consider upgrading to a higher-tier plan or using the pay-as-you-go API. (2062)'}, 'request_id': '065cb6a14f80e5ad516086490bc6d16c'}
2026-05-20 12:49:21,513  INFO        -> new: Seteaza frecventa nominala a motorului in Hertzi. Aceasta determina turatia moto
2026-05-20 12:49:21,529  INFO        -> new: Defineste pragul de iesire din modul sleep PID. Cand valoarea feedback-ului PID 
2026-05-20 12:49:21,614  INFO      3021 1-24 (Danfoss_VLT_FC302)  existing_len=0  qc=new
2026-05-20 12:49:21,621  ERROR       Error 0x2DAD: Error code: 429 - {'type': 'error', 'error': {'type': 'rate_limit_error', 'message': 'The Token Plan is designed for individual, interactive developer workflows. Traffic is currently high—please retry shortly. For higher concurrency or automated workloads, consider upgrading to a higher-tier plan or using the pay-as-you-go API. (2062)'}, 'request_id': '065cb6a1cf085a8aaa568a3ce6a8fedd'}
2026-05-20 12:49:21,630  INFO      22697 0x4024:003 (Lenze_i550)  existing_len=0  qc=new
2026-05-20 12:49:21,686  INFO        -> new: Blocheaza accesul la anumite functii sau parametri ai dispozitivului pentru prot
2026-05-20 12:49:21,786  INFO      23310 0x2310:001 (Lenze_i550)  existing_len=0  qc=new
2026-05-20 12:49:22,029  INFO        -> new: Defectul apare cand obiectul de date de proces RPDO3 nu primeste date de la mast
2026-05-20 12:49:22,130  INFO      23408 0x186C (Lenze_i550)  existing_len=0  qc=new
2026-05-20 12:49:22,173  INFO        -> new: Stocheaza informatii despre cea de-a 19-a eroare inregistrata in istoricul dispo
2026-05-20 12:49:22,173  ERROR       Error 0x232E:001: Error code: 429 - {'type': 'error', 'error': {'type': 'rate_limit_error', 'message': 'The Token Plan is designed for individual, interactive developer workflows. Traffic is currently high—please retry shortly. For higher concurrency or automated workloads, consider upgrading to a higher-tier plan or using the pay-as-you-go API. (2062)'}, 'request_id': '065cb6a23d1bbcacf00fffd8a133fe6e'}
2026-05-20 12:49:22,273  INFO      23614 0x2006:025 (Lenze_i550)  existing_len=0  qc=new
2026-05-20 12:49:22,376  ERROR       Error 0x60F4: Error code: 429 - {'type': 'error', 'error': {'type': 'rate_limit_error', 'message': 'The Token Plan is designed for individual, interactive developer workflows. Traffic is currently high—please retry shortly. For higher concurrency or automated workloads, consider upgrading to a higher-tier plan or using the pay-as-you-go API. (2062)'}, 'request_id': '065cb6a23f8b89acb3391a49d9536de1'}
2026-05-20 12:49:23,317  ERROR       Error 0x4024:003: Error code: 429 - {'type': 'error', 'error': {'type': 'rate_limit_error', 'message': 'The Token Plan is designed for individual, interactive developer workflows. Traffic is currently high—please retry shortly. For higher concurrency or automated workloads, consider upgrading to a higher-tier plan or using the pay-as-you-go API. (2062)'}, 'request_id': '065cb6a3aae585c83f7f6891d1e9afc2'}
2026-05-20 12:49:23,346  ERROR       Error 1-24: Error code: 429 - {'type': 'error', 'error': {'type': 'rate_limit_error', 'message': 'The Token Plan is designed for individual, interactive developer workflows. Traffic is currently high—please retry shortly. For higher concurrency or automated workloads, consider upgrading to a higher-tier plan or using the pay-as-you-go API. (2062)'}, 'request_id': '065cb6a30b200f555cebb00624983780'}
2026-05-20 12:49:23,588  ERROR       Error 0x2310:001: Error code: 429 - {'type': 'error', 'error': {'type': 'rate_limit_error', 'message': 'The Token Plan is designed for individual, interactive developer workflows. Traffic is currently high—please retry shortly. For higher concurrency or automated workloads, consider upgrading to a higher-tier plan or using the pay-as-you-go API. (2062)'}, 'request_id': '065cb6a3a414c9cdaf37e3053ca2b1ff'}
2026-05-20 12:49:23,950  ERROR       Error 0x186C: Error code: 429 - {'type': 'error', 'error': {'type': 'rate_limit_error', 'message': 'The Token Plan is designed for individual, interactive developer workflows. Traffic is currently high—please retry shortly. For higher concurrency or automated workloads, consider upgrading to a higher-tier plan or using the pay-as-you-go API. (2062)'}, 'request_id': '065cb6a32800e978ef78e00245053496'}
2026-05-20 12:49:23,996  ERROR       Error 0x2006:025: Error code: 429 - {'type': 'error', 'error': {'type': 'rate_limit_error', 'message': 'The Token Plan is designed for individual, interactive developer workflows. Traffic is currently high—please retry shortly. For higher concurrency or automated workloads, consider upgrading to a higher-tier plan or using the pay-as-you-go API. (2062)'}, 'request_id': '065cb6a3cea53595bc50c47bd0ee8403'}
2026-05-20 12:49:24,076  ERROR       Error 0x2631:024: Error code: 429 - {'type': 'error', 'error': {'type': 'rate_limit_error', 'message': 'The Token Plan is designed for individual, interactive developer workflows. Traffic is currently high—please retry shortly. For higher concurrency or automated workloads, consider upgrading to a higher-tier plan or using the pay-as-you-go API. (2062)'}, 'request_id': '065cb6a33b0211d3173e9808113a6adf'}
2026-05-20 12:49:24,137  ERROR       Error 0x23C2:001: Error code: 429 - {'type': 'error', 'error': {'type': 'rate_limit_error', 'message': 'The Token Plan is designed for individual, interactive developer workflows. Traffic is currently high—please retry shortly. For higher concurrency or automated workloads, consider upgrading to a higher-tier plan or using the pay-as-you-go API. (2062)'}, 'request_id': '065cb6a47e9fbaa015c055866f467608'}
2026-05-20 12:49:24,251  ERROR       Error 0x2641:004: Error code: 429 - {'type': 'error', 'error': {'type': 'rate_limit_error', 'message': 'The Token Plan is designed for individual, interactive developer workflows. Traffic is currently high—please retry shortly. For higher concurrency or automated workloads, consider upgrading to a higher-tier plan or using the pay-as-you-go API. (2062)'}, 'request_id': '065cb6a45478154c5c32b4b79acdbfe5'}
2026-05-20 12:49:24,444  ERROR       Error 0x1605:011: Error code: 429 - {'type': 'error', 'error': {'type': 'rate_limit_error', 'message': 'The Token Plan is designed for individual, interactive developer workflows. Traffic is currently high—please retry shortly. For higher concurrency or automated workloads, consider upgrading to a higher-tier plan or using the pay-as-you-go API. (2062)'}, 'request_id': '065cb6a490361c243555a30b68d89530'}
2026-05-20 12:49:24,473  ERROR       Error 0x6046:002: Error code: 429 - {'type': 'error', 'error': {'type': 'rate_limit_error', 'message': 'The Token Plan is designed for individual, interactive developer workflows. Traffic is currently high—please retry shortly. For higher concurrency or automated workloads, consider upgrading to a higher-tier plan or using the pay-as-you-go API. (2062)'}, 'request_id': '065cb6a4903350161747119c40c0fa8b'}
2026-05-20 12:49:25,923  ERROR       Error 0x232E:001: Error code: 429 - {'type': 'error', 'error': {'type': 'rate_limit_error', 'message': 'The Token Plan is designed for individual, interactive developer workflows. Traffic is currently high—please retry shortly. For higher concurrency or automated workloads, consider upgrading to a higher-tier plan or using the pay-as-you-go API. (2062)'}, 'request_id': '065cb6a54e9a70121d5bde82d904d357'}
2026-05-20 12:49:26,156  ERROR       Error 0x60F4: Error code: 429 - {'type': 'error', 'error': {'type': 'rate_limit_error', 'message': 'The Token Plan is designed for individual, interactive developer workflows. Traffic is currently high—please retry shortly. For higher concurrency or automated workloads, consider upgrading to a higher-tier plan or using the pay-as-you-go API. (2062)'}, 'request_id': '065cb6a667fe9b6308bd1950fbeeb0d4'}
2026-05-20 12:49:26,896  ERROR       Error 0x2552:009: Error code: 429 - {'type': 'error', 'error': {'type': 'rate_limit_error', 'message': 'The Token Plan is designed for individual, interactive developer workflows. Traffic is currently high—please retry shortly. For higher concurrency or automated workloads, consider upgrading to a higher-tier plan or using the pay-as-you-go API. (2062)'}, 'request_id': '065cb6a613d02121c431c761a81e6d93'}
2026-05-20 12:49:27,054  ERROR       Error 1-24: Error code: 429 - {'type': 'error', 'error': {'type': 'rate_limit_error', 'message': 'The Token Plan is designed for individual, interactive developer workflows. Traffic is currently high—please retry shortly. For higher concurrency or automated workloads, consider upgrading to a higher-tier plan or using the pay-as-you-go API. (2062)'}, 'request_id': '065cb6a6cd3ec8f1953742d3a4d3876c'}
2026-05-20 12:49:27,182  ERROR       Error 0x4024:003: Error code: 429 - {'type': 'error', 'error': {'type': 'rate_limit_error', 'message': 'The Token Plan is designed for individual, interactive developer workflows. Traffic is currently high—please retry shortly. For higher concurrency or automated workloads, consider upgrading to a higher-tier plan or using the pay-as-you-go API. (2062)'}, 'request_id': '065cb6a7428ff2759e44a9e25459a120'}
2026-05-20 12:49:27,478  ERROR       Error 0x2DAD: Error code: 429 - {'type': 'error', 'error': {'type': 'rate_limit_error', 'message': 'The Token Plan is designed for individual, interactive developer workflows. Traffic is currently high—please retry shortly. For higher concurrency or automated workloads, consider upgrading to a higher-tier plan or using the pay-as-you-go API. (2062)'}, 'request_id': '065cb6a7c3c056a53d6002f259d66072'}
2026-05-20 12:49:27,507  ERROR       Error 0x2310:001: Error code: 429 - {'type': 'error', 'error': {'type': 'rate_limit_error', 'message': 'The Token Plan is designed for individual, interactive developer workflows. Traffic is currently high—please retry shortly. For higher concurrency or automated workloads, consider upgrading to a higher-tier plan or using the pay-as-you-go API. (2062)'}, 'request_id': '065cb6a7380fe2aa552d99676dcea304'}
2026-05-20 12:49:27,760  ERROR       Error 0x2006:025: Error code: 429 - {'type': 'error', 'error': {'type': 'rate_limit_error', 'message': 'The Token Plan is designed for individual, interactive developer workflows. Traffic is currently high—please retry shortly. For higher concurrency or automated workloads, consider upgrading to a higher-tier plan or using the pay-as-you-go API. (2062)'}, 'request_id': '065cb6a7790602171f72d7ef1fb4f162'}
2026-05-20 12:49:27,794  ERROR       Error 0x186C: Error code: 429 - {'type': 'error', 'error': {'type': 'rate_limit_error', 'message': 'The Token Plan is designed for individual, interactive developer workflows. Traffic is currently high—please retry shortly. For higher concurrency or automated workloads, consider upgrading to a higher-tier plan or using the pay-as-you-go API. (2062)'}, 'request_id': '065cb6a7504a319ccd7752b72a7035b0'}
2026-05-20 12:49:29,939  ERROR       Error 0x23C2:001: Error code: 429 - {'type': 'error', 'error': {'type': 'rate_limit_error', 'message': 'The Token Plan is designed for individual, interactive developer workflows. Traffic is currently high—please retry shortly. For higher concurrency or automated workloads, consider upgrading to a higher-tier plan or using the pay-as-you-go API. (2062)'}, 'request_id': '065cb6a9764ece3f68c5ec0b19376636'}
2026-05-20 12:49:30,077  INFO      22592 0x4003 (Lenze_i550)  existing_len=0  qc=new
2026-05-20 12:49:30,252  INFO      22801 0x2641:005 (Lenze_i550)  existing_len=0  qc=new
2026-05-20 12:49:30,297  ERROR       Error 0x6046:002: Error code: 429 - {'type': 'error', 'error': {'type': 'rate_limit_error', 'message': 'The Token Plan is designed for individual, interactive developer workflows. Traffic is currently high—please retry shortly. For higher concurrency or automated workloads, consider upgrading to a higher-tier plan or using the pay-as-you-go API. (2062)'}, 'request_id': '065cb6aa812ff58b6191793b72247f76'}
2026-05-20 12:49:30,445  INFO      23002 0x1605:012 (Lenze_i550)  existing_len=0  qc=new
2026-05-20 12:49:31,515  ERROR       Error 0x232E:001: Error code: 429 - {'type': 'error', 'error': {'type': 'rate_limit_error', 'message': 'The Token Plan is designed for individual, interactive developer workflows. Traffic is currently high—please retry shortly. For higher concurrency or automated workloads, consider upgrading to a higher-tier plan or using the pay-as-you-go API. (2062)'}, 'request_id': '065cb6ab5e0c0b91aa6f4552b18b12f5'}
2026-05-20 12:49:31,823  ERROR       Error 0x60F4: Error code: 429 - {'type': 'error', 'error': {'type': 'rate_limit_error', 'message': 'The Token Plan is designed for individual, interactive developer workflows. Traffic is currently high—please retry shortly. For higher concurrency or automated workloads, consider upgrading to a higher-tier plan or using the pay-as-you-go API. (2062)'}, 'request_id': '065cb6ab43a3d44753b9dc75d5cdbb9c'}
2026-05-20 12:49:32,117  ERROR       Error 0x4003: Error code: 429 - {'type': 'error', 'error': {'type': 'rate_limit_error', 'message': 'The Token Plan is designed for individual, interactive developer workflows. Traffic is currently high—please retry shortly. For higher concurrency or automated workloads, consider upgrading to a higher-tier plan or using the pay-as-you-go API. (2062)'}, 'request_id': '065cb6acce5939e9422c92378a74ad87'}
2026-05-20 12:49:32,406  ERROR       Error 0x2641:005: Error code: 429 - {'type': 'error', 'error': {'type': 'rate_limit_error', 'message': 'The Token Plan is designed for individual, interactive developer workflows. Traffic is currently high—please retry shortly. For higher concurrency or automated workloads, consider upgrading to a higher-tier plan or using the pay-as-you-go API. (2062)'}, 'request_id': '065cb6acc9e775b740f6de40f0daf815'}
2026-05-20 12:49:32,606  ERROR       Error 0x1605:012: Error code: 429 - {'type': 'error', 'error': {'type': 'rate_limit_error', 'message': 'The Token Plan is designed for individual, interactive developer workflows. Traffic is currently high—please retry shortly. For higher concurrency or automated workloads, consider upgrading to a higher-tier plan or using the pay-as-you-go API. (2062)'}, 'request_id': '065cb6ac87a74e1d44bef11b6f6013aa'}
2026-05-20 12:49:32,685  ERROR       Error 1-24: Error code: 429 - {'type': 'error', 'error': {'type': 'rate_limit_error', 'message': 'The Token Plan is designed for individual, interactive developer workflows. Traffic is currently high—please retry shortly. For higher concurrency or automated workloads, consider upgrading to a higher-tier plan or using the pay-as-you-go API. (2062)'}, 'request_id': '065cb6ac3b09e6167c80490ab20f611b'}
2026-05-20 12:49:32,897  INFO      24282 0x2552:010 (Lenze_i550)  existing_len=0  qc=new
2026-05-20 12:49:33,252  ERROR       Error 0x2310:001: Error code: 429 - {'type': 'error', 'error': {'type': 'rate_limit_error', 'message': 'The Token Plan is designed for individual, interactive developer workflows. Traffic is currently high—please retry shortly. For higher concurrency or automated workloads, consider upgrading to a higher-tier plan or using the pay-as-you-go API. (2062)'}, 'request_id': '065cb6ad465d5585e7824066669a3098'}
2026-05-20 12:49:33,260  ERROR       Error 0x4024:003: Error code: 429 - {'type': 'error', 'error': {'type': 'rate_limit_error', 'message': 'The Token Plan is designed for individual, interactive developer workflows. Traffic is currently high—please retry shortly. For higher concurrency or automated workloads, consider upgrading to a higher-tier plan or using the pay-as-you-go API. (2062)'}, 'request_id': '065cb6ad01e32d4ed3883323aea87152'}
2026-05-20 12:49:33,315  ERROR       Error 0x2006:025: Error code: 429 - {'type': 'error', 'error': {'type': 'rate_limit_error', 'message': 'The Token Plan is designed for individual, interactive developer workflows. Traffic is currently high—please retry shortly. For higher concurrency or automated workloads, consider upgrading to a higher-tier plan or using the pay-as-you-go API. (2062)'}, 'request_id': '065cb6ad2ec37535ecf09678dab45232'}
2026-05-20 12:49:33,478  INFO      23515 0x282B:001 (Lenze_i550)  existing_len=0  qc=new
2026-05-20 12:49:33,548  ERROR       Error 0x186C: Error code: 429 - {'type': 'error', 'error': {'type': 'rate_limit_error', 'message': 'The Token Plan is designed for individual, interactive developer workflows. Traffic is currently high—please retry shortly. For higher concurrency or automated workloads, consider upgrading to a higher-tier plan or using the pay-as-you-go API. (2062)'}, 'request_id': '065cb6adddced86a605f5e807fcb9eb2'}
2026-05-20 12:49:34,819  ERROR       Error 0x2552:010: Error code: 429 - {'type': 'error', 'error': {'type': 'rate_limit_error', 'message': 'The Token Plan is designed for individual, interactive developer workflows. Traffic is currently high—please retry shortly. For higher concurrency or automated workloads, consider upgrading to a higher-tier plan or using the pay-as-you-go API. (2062)'}, 'request_id': '065cb6aedd89edca79142e0cbd367433'}
2026-05-20 12:49:35,409  ERROR       Error 0x282B:001: Error code: 429 - {'type': 'error', 'error': {'type': 'rate_limit_error', 'message': 'The Token Plan is designed for individual, interactive developer workflows. Traffic is currently high—please retry shortly. For higher concurrency or automated workloads, consider upgrading to a higher-tier plan or using the pay-as-you-go API. (2062)'}, 'request_id': '065cb6af55200f59a04b2009ffd2eded'}
2026-05-20 12:49:35,847  ERROR       Error 0x4003: Error code: 429 - {'type': 'error', 'error': {'type': 'rate_limit_error', 'message': 'The Token Plan is designed for individual, interactive developer workflows. Traffic is currently high—please retry shortly. For higher concurrency or automated workloads, consider upgrading to a higher-tier plan or using the pay-as-you-go API. (2062)'}, 'request_id': '065cb6afa3248a922cbc47bcdfb7d39d'}
2026-05-20 12:49:35,940  INFO      23205 0x23C2:002 (Lenze_i550)  existing_len=0  qc=new
2026-05-20 12:49:36,298  INFO      22901 0x6049:001 (Lenze_i550)  existing_len=0  qc=new
2026-05-20 12:49:36,354  ERROR       Error 0x1605:012: Error code: 429 - {'type': 'error', 'error': {'type': 'rate_limit_error', 'message': 'The Token Plan is designed for individual, interactive developer workflows. Traffic is currently high—please retry shortly. For higher concurrency or automated workloads, consider upgrading to a higher-tier plan or using the pay-as-you-go API. (2062)'}, 'request_id': '065cb6b0479551fc6a6e6c638d11087b'}
2026-05-20 12:49:36,557  ERROR       Error 0x2641:005: Error code: 429 - {'type': 'error', 'error': {'type': 'rate_limit_error', 'message': 'The Token Plan is designed for individual, interactive developer workflows. Traffic is currently high—please retry shortly. For higher concurrency or automated workloads, consider upgrading to a higher-tier plan or using the pay-as-you-go API. (2062)'}, 'request_id': '065cb6b0d8ae263d38b5469373b90459'}
2026-05-20 12:49:37,516  INFO      23104 0x232E:002 (Lenze_i550)  existing_len=0  qc=new
2026-05-20 12:49:37,823  INFO      19162 0x2D51:006 (Lenze_i950)  existing_len=0  qc=new
2026-05-20 12:49:38,079  ERROR       Error 0x23C2:002: Error code: 429 - {'type': 'error', 'error': {'type': 'rate_limit_error', 'message': 'The Token Plan is designed for individual, interactive developer workflows. Traffic is currently high—please retry shortly. For higher concurrency or automated workloads, consider upgrading to a higher-tier plan or using the pay-as-you-go API. (2062)'}, 'request_id': '065cb6b1eb4f5ae4bcfaa496c353a6f3'}
2026-05-20 12:49:38,585  ERROR       Error 0x6049:001: Error code: 429 - {'type': 'error', 'error': {'type': 'rate_limit_error', 'message': 'The Token Plan is designed for individual, interactive developer workflows. Traffic is currently high—please retry shortly. For higher concurrency or automated workloads, consider upgrading to a higher-tier plan or using the pay-as-you-go API. (2062)'}, 'request_id': '065cb6b2407288e5fb98ba985ddd8079'}
2026-05-20 12:49:38,725  ERROR       Error 0x2552:010: Error code: 429 - {'type': 'error', 'error': {'type': 'rate_limit_error', 'message': 'The Token Plan is designed for individual, interactive developer workflows. Traffic is currently high—please retry shortly. For higher concurrency or automated workloads, consider upgrading to a higher-tier plan or using the pay-as-you-go API. (2062)'}, 'request_id': '065cb6b257d6f7327d212086c61c6e5f'}
2026-05-20 12:49:38,798  INFO      3022 1-25 (Danfoss_VLT_FC302)  existing_len=0  qc=new
2026-05-20 12:49:39,252  INFO      23311 0x2310:002 (Lenze_i550)  existing_len=0  qc=new
2026-05-20 12:49:39,260  INFO      22698 0x4024:001 (Lenze_i550)  existing_len=0  qc=new
2026-05-20 12:49:39,316  INFO      23615 0x2006:026 (Lenze_i550)  existing_len=0  qc=new
2026-05-20 12:49:39,549  INFO      23409 0x186D (Lenze_i550)  existing_len=0  qc=new
2026-05-20 12:49:39,560  ERROR       Error 0x282B:001: Error code: 429 - {'type': 'error', 'error': {'type': 'rate_limit_error', 'message': 'The Token Plan is designed for individual, interactive developer workflows. Traffic is currently high—please retry shortly. For higher concurrency or automated workloads, consider upgrading to a higher-tier plan or using the pay-as-you-go API. (2062)'}, 'request_id': '065cb6b30748eaf60c4e066e0b57706e'}
2026-05-20 12:49:39,938  ERROR       Error 0x232E:002: Error code: 429 - {'type': 'error', 'error': {'type': 'rate_limit_error', 'message': 'The Token Plan is designed for individual, interactive developer workflows. Traffic is currently high—please retry shortly. For higher concurrency or automated workloads, consider upgrading to a higher-tier plan or using the pay-as-you-go API. (2062)'}, 'request_id': '065cb6b328ceab58900284b9ce0a81bd'}
2026-05-20 12:49:40,187  ERROR       Error 0x2D51:006: Error code: 429 - {'type': 'error', 'error': {'type': 'rate_limit_error', 'message': 'The Token Plan is designed for individual, interactive developer workflows. Traffic is currently high—please retry shortly. For higher concurrency or automated workloads, consider upgrading to a higher-tier plan or using the pay-as-you-go API. (2062)'}, 'request_id': '065cb6b4632a9828ca11eec8c48f4b96'}
2026-05-20 12:49:46,686  INFO        -> new: Afiseaza mesajul de eroare inregistrat in pozitia 20 a bufferului de istoric. Re
2026-05-20 12:49:46,717  INFO        -> new: Afiseaza ultimul byte de date receptionat prin comunicatie Modbus. Este folosit 
2026-05-20 12:49:46,744  INFO        -> new: Seteaza conditia de monitorizare pentru intrarea HTL. Daca frecventa de intrare 
2026-05-20 12:49:46,786  INFO      23616 0x2006:027 (Lenze_i550)  existing_len=0  qc=new
2026-05-20 12:49:46,817  INFO        -> new: Defineste timpul de ciclu curent cu care master-ul raspunde dispozitivului. Poat
2026-05-20 12:49:46,818  INFO      23105 0x232E:003 (Lenze_i550)  existing_len=0  qc=new
2026-05-20 12:49:46,844  INFO      22802 0x2641:006 (Lenze_i550)  existing_len=0  qc=new
2026-05-20 12:49:46,918  INFO      23312 0x2310:003 (Lenze_i550)  existing_len=0  qc=new
2026-05-20 12:49:47,460  INFO        -> new: Acest mesaj de avertizare indica faptul ca functia solicitata nu este permisa in
2026-05-20 12:49:47,561  INFO      23410 0x186E (Lenze_i550)  existing_len=0  qc=new
2026-05-20 12:49:49,433  INFO        -> new: Defineste valoarea initiala utilizata dupa activarea functiei MOP (potentiometru
2026-05-20 12:49:49,534  INFO      22593 0x4004:001 (Lenze_i550)  existing_len=0  qc=new
2026-05-20 12:49:49,636  INFO        -> new: Afiseaza statusul operatiei de scriere daca actiunea 'Scrie parametrul [2]' este
2026-05-20 12:49:49,736  INFO      24283 0x1890 (Lenze_i550)  existing_len=0  qc=new
2026-05-20 12:49:49,849  INFO        -> new: Defineste valoarea variatiei de viteza (delta speed) pentru rampa de decelerare 
2026-05-20 12:49:49,950  INFO      22902 0x6049:002 (Lenze_i550)  existing_len=0  qc=new
2026-05-20 12:49:50,384  INFO        -> new: Activeaza functia de clatire automata a sistemului in starea de repaus (sleep mo
2026-05-20 12:49:50,485  INFO      22699 0x4024:002 (Lenze_i550)  existing_len=0  qc=new
2026-05-20 12:49:50,857  INFO        -> new: Defineste viteza sincrona nominala a motorului folosita pentru calculul compensa
2026-05-20 12:49:50,958  INFO      3023 1-29 (Danfoss_VLT_FC302)  existing_len=0  qc=new
2026-05-20 12:49:51,727  INFO        -> new: Configureaza intrarea de mapping 12 pentru RPDO (A) - obiectul de date reception
2026-05-20 12:49:51,828  INFO      23003 0x1605:013 (Lenze_i550)  existing_len=0  qc=new
2026-05-20 12:49:51,841  INFO        -> new: Afiseaza sursa de control care este activa in acest moment - tastatura, terminal
2026-05-20 12:49:51,941  INFO      23516 0x282B:002 (Lenze_i550)  existing_len=0  qc=new
2026-05-20 12:49:52,423  INFO        -> new: Stocheaza al 22-lea mesaj de eroare inregistrat in istoric. Fiecare intrare cont
2026-05-20 12:49:52,443  INFO        -> new: Afiseaza valoarea curenta a mastii de subretea utilizata de interfata POWERLINK.
2026-05-20 12:49:52,524  INFO      23617 0x2006:028 (Lenze_i550)  existing_len=0  qc=new
2026-05-20 12:49:52,543  INFO      23206 0x23C2:003 (Lenze_i550)  existing_len=0  qc=new
2026-05-20 12:49:53,549  INFO        -> new: Defineste modul de raspuns al VFD-ului la depasirea erorii de pozitie. Cand dife
2026-05-20 12:49:53,649  INFO      19163 0x1604 (Lenze_i950)  existing_len=0  qc=new
2026-05-20 12:49:54,549  INFO        -> new: Acest parametru indica o stare de defectiune atunci cand tastatura (panoul de op
2026-05-20 12:49:54,649  INFO      23411 0x186F (Lenze_i550)  existing_len=0  qc=new
2026-05-20 12:49:55,227  INFO        -> new: Afiseaza ultimul octet de date receptionat prin comunicatia Modbus RTU. Folosit 
2026-05-20 12:49:55,327  INFO      23106 0x232E:004 (Lenze_i550)  existing_len=0  qc=new
2026-05-20 12:49:55,444  INFO        -> new: Seteaza durata rampei de decelerare conform profilului CiA 402. Defineste interv
2026-05-20 12:49:55,545  INFO      22903 0x6043 (Lenze_i550)  existing_len=0  qc=new
2026-05-20 12:49:55,933  INFO        -> new: Acest fault indica faptul ca identificatorul dispozitivului a fost modificat dar
2026-05-20 12:49:56,033  INFO      24284 0x1891 (Lenze_i550)  existing_len=0  qc=new
2026-05-20 12:49:57,544  INFO        -> new: Selecteaza modul de raspuns la aparitia unei erori pe intrarea HTL 1 (IN1). Cand
2026-05-20 12:49:57,644  INFO      22803 0x2642:001 (Lenze_i550)  existing_len=0  qc=new
2026-05-20 12:49:57,747  INFO        -> new: Timpul minim de ciclu reprezinta cea mai rapida frecventa de actualizare pe care
2026-05-20 12:49:57,848  INFO      23313 0x2310:004 (Lenze_i550)  existing_len=0  qc=new
2026-05-20 12:49:58,463  INFO        -> new: Afiseaza sursa de referinta a vitezei care este activa in momentul curent. Este 
2026-05-20 12:49:58,564  INFO      23517 0x282B:003 (Lenze_i550)  existing_len=0  qc=new
2026-05-20 12:49:59,308  INFO        -> new: Afiseaza adresa IP a routerului (gateway) care conecteaza segmentul POWERLINK la
2026-05-20 12:49:59,358  INFO        -> new: Acest parametru pastreaza intrarea 23 din buffer-ul de istoric al erorilor. Buff
2026-05-20 12:49:59,409  INFO      23207 0x23C2:005 (Lenze_i550)  existing_len=0  qc=new
2026-05-20 12:49:59,459  INFO      23618 0x2006:029 (Lenze_i550)  existing_len=0  qc=new
2026-05-20 12:49:59,523  INFO        -> new: Seteaza valoarea initiala a frecventei pentru modul de functionare MOP (Motor Op
2026-05-20 12:49:59,549  INFO        -> new: Mapeaza un obiect CANopen pentru a fi receptionat prin RPDO (A). Formatul 0xiiii
2026-05-20 12:49:59,563  INFO        -> new: Defineste intervalul de timp in minute intre doua procese de clatire automata. V
2026-05-20 12:49:59,623  INFO      22594 0x4004:002 (Lenze_i550)  existing_len=0  qc=new
2026-05-20 12:49:59,649  INFO      23004 0x1605:014 (Lenze_i550)  existing_len=0  qc=new
2026-05-20 12:49:59,663  INFO      22700 0x4024:004 (Lenze_i550)  existing_len=0  qc=new
2026-05-20 12:50:00,514  INFO        -> new: Activeaza testul automat de adaptare la motor. VFD masoara parametrii interni ai
2026-05-20 12:50:00,615  INFO      3024 3-02 (Danfoss_VLT_FC302)  existing_len=0  qc=new
2026-05-20 12:50:00,818  INFO        -> new: Afiseaza octetul de date din ultimul telegram Modbus receptionat. Este un parame
2026-05-20 12:50:00,919  INFO      23107 0x232E:005 (Lenze_i550)  existing_len=0  qc=new
2026-05-20 12:50:02,560  INFO        -> new: Afiseaza valoarea referintei interne de viteza in rpm. Este un parametru read-on
2026-05-20 12:50:02,661  INFO      22904 0x6044 (Lenze_i550)  existing_len=0  qc=new
2026-05-20 12:50:03,177  INFO        -> new: Afiseaza starea bit-codata a keypad-ului LCD. Fiecare bit indica daca controlul 
2026-05-20 12:50:03,277  INFO      23518 0x282B:004 (Lenze_i550)  existing_len=0  qc=new
2026-05-20 12:50:04,131  INFO        -> new: Afiseaza frecventa actuala de iesire catre motor in Hz. Este o valoare de diagno
2026-05-20 12:50:04,231  INFO      22804 0x2642:002 (Lenze_i550)  existing_len=0  qc=new
2026-05-20 12:50:04,595  INFO        -> new: Acest parametru indica o defectiune de suprasarcina la rezistorul de franare. De
2026-05-20 12:50:04,696  INFO      23412 0x1870 (Lenze_i550)  existing_len=0  qc=new
2026-05-20 12:50:04,882  INFO        -> new: Reprezinta intrarea 24 din buffer-ul de istoric al erorilor VFD-ului. Contine co
2026-05-20 12:50:04,983  INFO      23619 0x2006:030 (Lenze_i550)  existing_len=0  qc=new
2026-05-20 12:50:05,071  INFO        -> new: Configureaza mapping-ul RPDO (Receive PDO) pentru functia touch probe (sonda de 
2026-05-20 12:50:05,172  INFO      19164 0x1A04 (Lenze_i950)  existing_len=0  qc=new
2026-05-20 12:50:05,734  INFO        -> new: Afiseaza informatii despre optiunile implementate pentru secventele M si configu
2026-05-20 12:50:05,760  INFO        -> new: Configurare pentru intrarea de mapare 14 a RPDO (A). Permite selectarea unui obi
2026-05-20 12:50:05,835  INFO      23314 0x2310:005 (Lenze_i550)  existing_len=0  qc=new
2026-05-20 12:50:05,860  INFO      23005 0x1605:015 (Lenze_i550)  existing_len=0  qc=new
2026-05-20 12:50:06,306  INFO        -> new: Afiseaza adresa MAC activa a interfetei POWERLINK. Este un parametru doar pentru
2026-05-20 12:50:06,407  INFO      23208 0x23C2:007 (Lenze_i550)  existing_len=0  qc=new
2026-05-20 12:50:07,376  INFO        -> new: Acest parametru de diagnostic indica faptul ca setarile implicite din fabrica nu
2026-05-20 12:50:07,476  INFO      24285 0x188F (Lenze_i550)  existing_len=0  qc=new
2026-05-20 12:50:08,702  INFO        -> new: Defineste valoarea minima a referintei de viteza pentru motor. Aceasta setare im
2026-05-20 12:50:08,803  INFO      3025 3-41 (Danfoss_VLT_FC302)  existing_len=0  qc=new
2026-05-20 12:50:09,127  INFO        -> new: Afiseaza mesajul de eroare numarul 24 din buffer-ul de istoric al erorilor. Aces
2026-05-20 12:50:09,225  INFO        -> new: Seteaza valoarea initiala a referintei pentru bucla de control PID. Aceasta valo
2026-05-20 12:50:09,227  INFO      23620 0x2006:031 (Lenze_i550)  existing_len=0  qc=new
2026-05-20 12:50:09,326  INFO      22595 0x4004:003 (Lenze_i550)  existing_len=0  qc=new
2026-05-20 12:50:09,442  INFO        -> new: Afiseaza viteza reala a motorului masurata in timp real. Este un parametru de di
2026-05-20 12:50:09,542  INFO      22905 0x400B:001 (Lenze_i550)  existing_len=0  qc=new
2026-05-20 12:50:10,207  INFO        -> new: Afiseaza modul de functionare activ al invertorului. Poate indica mod Velocity (
2026-05-20 12:50:10,308  INFO      23519 0x282B:005 (Lenze_i550)  existing_len=0  qc=new
2026-05-20 12:50:10,362  INFO        -> new: Afiseaza ultimul octet de date receptionat prin comunicatia Modbus RTU. Folosit 
2026-05-20 12:50:10,463  INFO      23108 0x232E:006 (Lenze_i550)  existing_len=0  qc=new
2026-05-20 12:50:11,122  INFO        -> new: Afiseaza lungimea datelor transmise ciclic prin POWERLINK in octeti. Aceasta est
2026-05-20 12:50:11,222  INFO      23209 0x23C2:008 (Lenze_i550)  existing_len=0  qc=new
2026-05-20 12:50:12,067  INFO        -> new: Afiseaza versiunea protocolului IO-Link utilizata de dispozitiv. Valoarea 0x11 i
2026-05-20 12:50:12,168  INFO      23315 0x2310:006 (Lenze_i550)  existing_len=0  qc=new
2026-05-20 12:50:12,217  WARNING     Bad categorie 'Proces' for 0x4024:004, retry
2026-05-20 12:50:12,823  INFO        -> new: Afiseaza valoarea curenta a intrarii HTL scalata ca frecventa. HTL (High-speed T
2026-05-20 12:50:12,923  INFO      22805 0x2642:003 (Lenze_i550)  existing_len=0  qc=new
2026-05-20 12:50:13,265  INFO        -> new: Semnalizeaza o eroare interna detectata in modulul optiunii de siguranta. Acest 
2026-05-20 12:50:13,365  INFO      23413 0x1871 (Lenze_i550)  existing_len=0  qc=new
2026-05-20 12:50:14,013  ERROR       Error 0x2310:006: Error code: 429 - {'type': 'error', 'error': {'type': 'rate_limit_error', 'message': 'The Token Plan is designed for individual, interactive developer workflows. Traffic is currently high—please retry shortly. For higher concurrency or automated workloads, consider upgrading to a higher-tier plan or using the pay-as-you-go API. (2062)'}, 'request_id': '065cb6d5e37c58f809d4230fc66ba3f5'}
2026-05-20 12:50:14,732  ERROR       Error 0x2642:003: Error code: 429 - {'type': 'error', 'error': {'type': 'rate_limit_error', 'message': 'The Token Plan is designed for individual, interactive developer workflows. Traffic is currently high—please retry shortly. For higher concurrency or automated workloads, consider upgrading to a higher-tier plan or using the pay-as-you-go API. (2062)'}, 'request_id': '065cb6d636b885dc4f3b26e65a849875'}
2026-05-20 12:50:14,922  ERROR       Error 0x4024:004: Error code: 429 - {'type': 'error', 'error': {'type': 'rate_limit_error', 'message': 'The Token Plan is designed for individual, interactive developer workflows. Traffic is currently high—please retry shortly. For higher concurrency or automated workloads, consider upgrading to a higher-tier plan or using the pay-as-you-go API. (2062)'}, 'request_id': '065cb6d691c51f410190191b85ec0402'}
2026-05-20 12:50:15,021  ERROR       Error 0x1871: Error code: 429 - {'type': 'error', 'error': {'type': 'rate_limit_error', 'message': 'The Token Plan is designed for individual, interactive developer workflows. Traffic is currently high—please retry shortly. For higher concurrency or automated workloads, consider upgrading to a higher-tier plan or using the pay-as-you-go API. (2062)'}, 'request_id': '065cb6d666e97bb9efd2e1ad097eb4ea'}
2026-05-20 12:50:15,913  INFO        -> new: Configurează intrarea de mapare 15 pentru obiectele receptionate prin RPDO (Proc
2026-05-20 12:50:15,974  INFO        -> new: Seteaza timpul de accelerare a motorului de la 0 RPM la viteza sincrona. Alege o
2026-05-20 12:50:15,990  INFO        -> new: Inregistrare din buffer-ul de istoric al erorilor. Stocheaza codul mesajului de 
2026-05-20 12:50:16,014  INFO      23006 0x1605:016 (Lenze_i550)  existing_len=0  qc=new
2026-05-20 12:50:16,074  INFO      3026 3-42 (Danfoss_VLT_FC302)  existing_len=0  qc=new
2026-05-20 12:50:16,090  INFO      23621 0x2006:032 (Lenze_i550)  existing_len=0  qc=new
2026-05-20 12:50:16,305  INFO        -> new: Configureaza datele touch probe receptionate de la controller prin RPDO care sun
2026-05-20 12:50:16,406  INFO      19165 0x60B8 (Lenze_i950)  existing_len=0  qc=new
2026-05-20 12:50:16,619  INFO        -> new: Afiseaza ultimul octet de date primit prin comunicatia Modbus RTU. Este un param
2026-05-20 12:50:16,663  INFO        -> new: Afiseaza lungimea in octeti a datelor ciclice receptionate prin magistrala POWER
2026-05-20 12:50:16,720  INFO      23109 0x232E:007 (Lenze_i550)  existing_len=0  qc=new
2026-05-20 12:50:16,764  INFO      23210 0x23C3 (Lenze_i550)  existing_len=0  qc=new
2026-05-20 12:50:16,890  INFO        -> new: Afiseaza registrul de control retea care a fost accesat cel mai recent prin comu
2026-05-20 12:50:16,990  INFO      23520 0x282B:006 (Lenze_i550)  existing_len=0  qc=new
2026-05-20 12:50:17,720  ERROR       Error 0x2310:006: Error code: 429 - {'type': 'error', 'error': {'type': 'rate_limit_error', 'message': 'The Token Plan is designed for individual, interactive developer workflows. Traffic is currently high—please retry shortly. For higher concurrency or automated workloads, consider upgrading to a higher-tier plan or using the pay-as-you-go API. (2062)'}, 'request_id': '065cb6d9a79668dc21bd0b935ff1b541'}
2026-05-20 12:50:17,801  ERROR       Error 0x1605:016: Error code: 429 - {'type': 'error', 'error': {'type': 'rate_limit_error', 'message': 'The Token Plan is designed for individual, interactive developer workflows. Traffic is currently high—please retry shortly. For higher concurrency or automated workloads, consider upgrading to a higher-tier plan or using the pay-as-you-go API. (2062)'}, 'request_id': '065cb6d96878fc0e6f26d5f65ced4074'}
2026-05-20 12:50:17,855  INFO        -> new: Bit 6 selecteaza sursa setpoint-ului de retea. Daca bitul 5 "Activate network co
2026-05-20 12:50:17,883  ERROR       Error 3-42: Error code: 429 - {'type': 'error', 'error': {'type': 'rate_limit_error', 'message': 'The Token Plan is designed for individual, interactive developer workflows. Traffic is currently high—please retry shortly. For higher concurrency or automated workloads, consider upgrading to a higher-tier plan or using the pay-as-you-go API. (2062)'}, 'request_id': '065cb6d96967d96533749aec97c870f9'}
2026-05-20 12:50:17,915  ERROR       Error 0x2006:032: Error code: 429 - {'type': 'error', 'error': {'type': 'rate_limit_error', 'message': 'The Token Plan is designed for individual, interactive developer workflows. Traffic is currently high—please retry shortly. For higher concurrency or automated workloads, consider upgrading to a higher-tier plan or using the pay-as-you-go API. (2062)'}, 'request_id': '065cb6d9ea8bb771508c739390e6bf48'}
2026-05-20 12:50:17,956  INFO      22906 0x400C:001 (Lenze_i550)  existing_len=0  qc=new
2026-05-20 12:50:18,148  ERROR       Error 0x60B8: Error code: 429 - {'type': 'error', 'error': {'type': 'rate_limit_error', 'message': 'The Token Plan is designed for individual, interactive developer workflows. Traffic is currently high—please retry shortly. For higher concurrency or automated workloads, consider upgrading to a higher-tier plan or using the pay-as-you-go API. (2062)'}, 'request_id': '065cb6daacc7c76b3f44be986d6bae51'}
2026-05-20 12:50:18,379  ERROR       Error 0x2642:003: Error code: 429 - {'type': 'error', 'error': {'type': 'rate_limit_error', 'message': 'The Token Plan is designed for individual, interactive developer workflows. Traffic is currently high—please retry shortly. For higher concurrency or automated workloads, consider upgrading to a higher-tier plan or using the pay-as-you-go API. (2062)'}, 'request_id': '065cb6da98ceaf6642bbd99d46ad93c7'}
2026-05-20 12:50:18,438  ERROR       Error 0x232E:007: Error code: 429 - {'type': 'error', 'error': {'type': 'rate_limit_error', 'message': 'The Token Plan is designed for individual, interactive developer workflows. Traffic is currently high—please retry shortly. For higher concurrency or automated workloads, consider upgrading to a higher-tier plan or using the pay-as-you-go API. (2062)'}, 'request_id': '065cb6da93fbef69ffa9e430d636bac5'}
2026-05-20 12:50:18,455  INFO        -> new: Acest avertisment indica o conditie de suprasarcina intr-un aranjament de motoar
2026-05-20 12:50:18,522  INFO        -> new: Seteaza valoarea de pornire pentru modul de functionare in cuplu. 100% corespund
2026-05-20 12:50:18,555  INFO      24286 0x188C (Lenze_i550)  existing_len=0  qc=new
2026-05-20 12:50:18,584  ERROR       Error 0x23C3: Error code: 429 - {'type': 'error', 'error': {'type': 'rate_limit_error', 'message': 'The Token Plan is designed for individual, interactive developer workflows. Traffic is currently high—please retry shortly. For higher concurrency or automated workloads, consider upgrading to a higher-tier plan or using the pay-as-you-go API. (2062)'}, 'request_id': '065cb6dacd6e474856615f2519d5bcb9'}
2026-05-20 12:50:18,623  INFO      22596 0x4009:001 (Lenze_i550)  existing_len=0  qc=new
2026-05-20 12:50:18,681  ERROR       Error 0x282B:006: Error code: 429 - {'type': 'error', 'error': {'type': 'rate_limit_error', 'message': 'The Token Plan is designed for individual, interactive developer workflows. Traffic is currently high—please retry shortly. For higher concurrency or automated workloads, consider upgrading to a higher-tier plan or using the pay-as-you-go API. (2062)'}, 'request_id': '065cb6da54f7a9e29bcdb3f960671dd5'}
2026-05-20 12:50:18,812  ERROR       Error 0x1871: Error code: 429 - {'type': 'error', 'error': {'type': 'rate_limit_error', 'message': 'The Token Plan is designed for individual, interactive developer workflows. Traffic is currently high—please retry shortly. For higher concurrency or automated workloads, consider upgrading to a higher-tier plan or using the pay-as-you-go API. (2062)'}, 'request_id': '065cb6dabe2b2466d8dfce017ff22092'}
2026-05-20 12:50:19,790  ERROR       Error 0x400C:001: Error code: 429 - {'type': 'error', 'error': {'type': 'rate_limit_error', 'message': 'The Token Plan is designed for individual, interactive developer workflows. Traffic is currently high—please retry shortly. For higher concurrency or automated workloads, consider upgrading to a higher-tier plan or using the pay-as-you-go API. (2062)'}, 'request_id': '065cb6db4076d408f475a2b7ab903ed3'}
2026-05-20 12:50:20,242  ERROR       Error 0x188C: Error code: 429 - {'type': 'error', 'error': {'type': 'rate_limit_error', 'message': 'The Token Plan is designed for individual, interactive developer workflows. Traffic is currently high—please retry shortly. For higher concurrency or automated workloads, consider upgrading to a higher-tier plan or using the pay-as-you-go API. (2062)'}, 'request_id': '065cb6dc5427d0eec553f61c616f4a90'}
2026-05-20 12:50:20,371  ERROR       Error 0x4009:001: Error code: 429 - {'type': 'error', 'error': {'type': 'rate_limit_error', 'message': 'The Token Plan is designed for individual, interactive developer workflows. Traffic is currently high—please retry shortly. For higher concurrency or automated workloads, consider upgrading to a higher-tier plan or using the pay-as-you-go API. (2062)'}, 'request_id': '065cb6dca111db9c6d9dc2c17f9e961d'}
2026-05-20 12:50:20,559  ERROR       Error 0x4024:004: Error code: 429 - {'type': 'error', 'error': {'type': 'rate_limit_error', 'message': 'The Token Plan is designed for individual, interactive developer workflows. Traffic is currently high—please retry shortly. For higher concurrency or automated workloads, consider upgrading to a higher-tier plan or using the pay-as-you-go API. (2062)'}, 'request_id': '065cb6dcdda961dc355e59f2abd4e2fe'}
2026-05-20 12:50:21,482  ERROR       Error 0x2006:032: Error code: 429 - {'type': 'error', 'error': {'type': 'rate_limit_error', 'message': 'The Token Plan is designed for individual, interactive developer workflows. Traffic is currently high—please retry shortly. For higher concurrency or automated workloads, consider upgrading to a higher-tier plan or using the pay-as-you-go API. (2062)'}, 'request_id': '065cb6dd7833666bd17138df538b422d'}
2026-05-20 12:50:21,513  ERROR       Error 0x1605:016: Error code: 429 - {'type': 'error', 'error': {'type': 'rate_limit_error', 'message': 'The Token Plan is designed for individual, interactive developer workflows. Traffic is currently high—please retry shortly. For higher concurrency or automated workloads, consider upgrading to a higher-tier plan or using the pay-as-you-go API. (2062)'}, 'request_id': '065cb6dd78b5243ea61b40032280def4'}
2026-05-20 12:50:21,542  ERROR       Error 3-42: Error code: 429 - {'type': 'error', 'error': {'type': 'rate_limit_error', 'message': 'The Token Plan is designed for individual, interactive developer workflows. Traffic is currently high—please retry shortly. For higher concurrency or automated workloads, consider upgrading to a higher-tier plan or using the pay-as-you-go API. (2062)'}, 'request_id': '065cb6dd09094356bc48f9da76e552d8'}
2026-05-20 12:50:22,131  ERROR       Error 0x232E:007: Error code: 429 - {'type': 'error', 'error': {'type': 'rate_limit_error', 'message': 'The Token Plan is designed for individual, interactive developer workflows. Traffic is currently high—please retry shortly. For higher concurrency or automated workloads, consider upgrading to a higher-tier plan or using the pay-as-you-go API. (2062)'}, 'request_id': '065cb6dea6497c83c51460933036ca05'}
2026-05-20 12:50:22,235  ERROR       Error 0x23C3: Error code: 429 - {'type': 'error', 'error': {'type': 'rate_limit_error', 'message': 'The Token Plan is designed for individual, interactive developer workflows. Traffic is currently high—please retry shortly. For higher concurrency or automated workloads, consider upgrading to a higher-tier plan or using the pay-as-you-go API. (2062)'}, 'request_id': '065cb6de415e5705b465b3c5c685ad65'}
2026-05-20 12:50:22,374  ERROR       Error 0x282B:006: Error code: 429 - {'type': 'error', 'error': {'type': 'rate_limit_error', 'message': 'The Token Plan is designed for individual, interactive developer workflows. Traffic is currently high—please retry shortly. For higher concurrency or automated workloads, consider upgrading to a higher-tier plan or using the pay-as-you-go API. (2062)'}, 'request_id': '065cb6de6e0cbda3bf87123154350eef'}
2026-05-20 12:50:23,368  ERROR       Error 0x2310:006: Error code: 429 - {'type': 'error', 'error': {'type': 'rate_limit_error', 'message': 'The Token Plan is designed for individual, interactive developer workflows. Traffic is currently high—please retry shortly. For higher concurrency or automated workloads, consider upgrading to a higher-tier plan or using the pay-as-you-go API. (2062)'}, 'request_id': '065cb6dfdb26c17d9e16aa4c36a67ea0'}
2026-05-20 12:50:23,499  ERROR       Error 0x400C:001: Error code: 429 - {'type': 'error', 'error': {'type': 'rate_limit_error', 'message': 'The Token Plan is designed for individual, interactive developer workflows. Traffic is currently high—please retry shortly. For higher concurrency or automated workloads, consider upgrading to a higher-tier plan or using the pay-as-you-go API. (2062)'}, 'request_id': '065cb6dfe19c5acef902f4938451eca9'}
2026-05-20 12:50:24,019  ERROR       Error 0x188C: Error code: 429 - {'type': 'error', 'error': {'type': 'rate_limit_error', 'message': 'The Token Plan is designed for individual, interactive developer workflows. Traffic is currently high—please retry shortly. For higher concurrency or automated workloads, consider upgrading to a higher-tier plan or using the pay-as-you-go API. (2062)'}, 'request_id': '065cb6df80d9a96311119bd354f06fbb'}
2026-05-20 12:50:24,142  ERROR       Error 0x4009:001: Error code: 429 - {'type': 'error', 'error': {'type': 'rate_limit_error', 'message': 'The Token Plan is designed for individual, interactive developer workflows. Traffic is currently high—please retry shortly. For higher concurrency or automated workloads, consider upgrading to a higher-tier plan or using the pay-as-you-go API. (2062)'}, 'request_id': '065cb6e047da77f093b42578bc13c3a4'}
2026-05-20 12:50:24,190  ERROR       Error 0x2642:003: Error code: 429 - {'type': 'error', 'error': {'type': 'rate_limit_error', 'message': 'The Token Plan is designed for individual, interactive developer workflows. Traffic is currently high—please retry shortly. For higher concurrency or automated workloads, consider upgrading to a higher-tier plan or using the pay-as-you-go API. (2062)'}, 'request_id': '065cb6e0bc7290c95d0cf77bf34102eb'}
2026-05-20 12:50:24,380  ERROR       Error 0x1871: Error code: 429 - {'type': 'error', 'error': {'type': 'rate_limit_error', 'message': 'The Token Plan is designed for individual, interactive developer workflows. Traffic is currently high—please retry shortly. For higher concurrency or automated workloads, consider upgrading to a higher-tier plan or using the pay-as-you-go API. (2062)'}, 'request_id': '065cb6e0273e1fd0d1234d3ce61b3fb7'}
2026-05-20 12:50:26,559  INFO      22701 0x2631:045 (Lenze_i550)  existing_len=0  qc=new
2026-05-20 12:50:27,300  ERROR       Error 3-42: Error code: 429 - {'type': 'error', 'error': {'type': 'rate_limit_error', 'message': 'The Token Plan is designed for individual, interactive developer workflows. Traffic is currently high—please retry shortly. For higher concurrency or automated workloads, consider upgrading to a higher-tier plan or using the pay-as-you-go API. (2062)'}, 'request_id': '065cb6e33ac337633765e75f4ef620b1'}
2026-05-20 12:50:27,334  ERROR       Error 0x1605:016: Error code: 429 - {'type': 'error', 'error': {'type': 'rate_limit_error', 'message': 'The Token Plan is designed for individual, interactive developer workflows. Traffic is currently high—please retry shortly. For higher concurrency or automated workloads, consider upgrading to a higher-tier plan or using the pay-as-you-go API. (2062)'}, 'request_id': '065cb6e36a2a9c2dfca1ce441500ac55'}
2026-05-20 12:50:27,344  ERROR       Error 0x2006:032: Error code: 429 - {'type': 'error', 'error': {'type': 'rate_limit_error', 'message': 'The Token Plan is designed for individual, interactive developer workflows. Traffic is currently high—please retry shortly. For higher concurrency or automated workloads, consider upgrading to a higher-tier plan or using the pay-as-you-go API. (2062)'}, 'request_id': '065cb6e3da39aae2539835242e7af116'}
2026-05-20 12:50:27,953  ERROR       Error 0x23C3: Error code: 429 - {'type': 'error', 'error': {'type': 'rate_limit_error', 'message': 'The Token Plan is designed for individual, interactive developer workflows. Traffic is currently high—please retry shortly. For higher concurrency or automated workloads, consider upgrading to a higher-tier plan or using the pay-as-you-go API. (2062)'}, 'request_id': '065cb6e3cd6cb567eab6478da4a1baa3'}
2026-05-20 12:50:27,967  ERROR       Error 0x232E:007: Error code: 429 - {'type': 'error', 'error': {'type': 'rate_limit_error', 'message': 'The Token Plan is designed for individual, interactive developer workflows. Traffic is currently high—please retry shortly. For higher concurrency or automated workloads, consider upgrading to a higher-tier plan or using the pay-as-you-go API. (2062)'}, 'request_id': '065cb6e36582231bc3cd7e0a6ecf8e0b'}
2026-05-20 12:50:28,097  ERROR       Error 0x282B:006: Error code: 429 - {'type': 'error', 'error': {'type': 'rate_limit_error', 'message': 'The Token Plan is designed for individual, interactive developer workflows. Traffic is currently high—please retry shortly. For higher concurrency or automated workloads, consider upgrading to a higher-tier plan or using the pay-as-you-go API. (2062)'}, 'request_id': '065cb6e4fe61639bc7970116f5aa55a9'}
2026-05-20 12:50:28,693  ERROR       Error 0x2631:045: Error code: 429 - {'type': 'error', 'error': {'type': 'rate_limit_error', 'message': 'The Token Plan is designed for individual, interactive developer workflows. Traffic is currently high—please retry shortly. For higher concurrency or automated workloads, consider upgrading to a higher-tier plan or using the pay-as-you-go API. (2062)'}, 'request_id': '065cb6e4d3b1f5a3b15d732ec1f00c59'}
2026-05-20 12:50:29,234  ERROR       Error 0x400C:001: Error code: 429 - {'type': 'error', 'error': {'type': 'rate_limit_error', 'message': 'The Token Plan is designed for individual, interactive developer workflows. Traffic is currently high—please retry shortly. For higher concurrency or automated workloads, consider upgrading to a higher-tier plan or using the pay-as-you-go API. (2062)'}, 'request_id': '065cb6e579029036a43a7366e03bf94a'}
2026-05-20 12:50:29,369  INFO      23316 0x2310:007 (Lenze_i550)  existing_len=0  qc=new
2026-05-20 12:50:29,735  ERROR       Error 0x4009:001: Error code: 429 - {'type': 'error', 'error': {'type': 'rate_limit_error', 'message': 'The Token Plan is designed for individual, interactive developer workflows. Traffic is currently high—please retry shortly. For higher concurrency or automated workloads, consider upgrading to a higher-tier plan or using the pay-as-you-go API. (2062)'}, 'request_id': '065cb6e50441b592e6a6251c57e37a7d'}
2026-05-20 12:50:29,824  ERROR       Error 0x188C: Error code: 429 - {'type': 'error', 'error': {'type': 'rate_limit_error', 'message': 'The Token Plan is designed for individual, interactive developer workflows. Traffic is currently high—please retry shortly. For higher concurrency or automated workloads, consider upgrading to a higher-tier plan or using the pay-as-you-go API. (2062)'}, 'request_id': '065cb6e5f84e782cc27f2a3608b401fd'}
2026-05-20 12:50:30,190  INFO      22806 0x2642:004 (Lenze_i550)  existing_len=0  qc=new
2026-05-20 12:50:30,380  INFO      23414 0x1872 (Lenze_i550)  existing_len=0  qc=new
2026-05-20 12:50:31,686  ERROR       Error 0x2310:007: Error code: 429 - {'type': 'error', 'error': {'type': 'rate_limit_error', 'message': 'The Token Plan is designed for individual, interactive developer workflows. Traffic is currently high—please retry shortly. For higher concurrency or automated workloads, consider upgrading to a higher-tier plan or using the pay-as-you-go API. (2062)'}, 'request_id': '065cb6e760c2203a52bb871bd3c01ecc'}
2026-05-20 12:50:32,149  ERROR       Error 0x2642:004: Error code: 429 - {'type': 'error', 'error': {'type': 'rate_limit_error', 'message': 'The Token Plan is designed for individual, interactive developer workflows. Traffic is currently high—please retry shortly. For higher concurrency or automated workloads, consider upgrading to a higher-tier plan or using the pay-as-you-go API. (2062)'}, 'request_id': '065cb6e80cd4c727a4f73eae739c01ad'}
2026-05-20 12:50:32,378  ERROR       Error 0x2631:045: Error code: 429 - {'type': 'error', 'error': {'type': 'rate_limit_error', 'message': 'The Token Plan is designed for individual, interactive developer workflows. Traffic is currently high—please retry shortly. For higher concurrency or automated workloads, consider upgrading to a higher-tier plan or using the pay-as-you-go API. (2062)'}, 'request_id': '065cb6e8a8c166306ce26f1a6fbd62d6'}
2026-05-20 12:50:32,480  ERROR       Error 0x1872: Error code: 429 - {'type': 'error', 'error': {'type': 'rate_limit_error', 'message': 'The Token Plan is designed for individual, interactive developer workflows. Traffic is currently high—please retry shortly. For higher concurrency or automated workloads, consider upgrading to a higher-tier plan or using the pay-as-you-go API. (2062)'}, 'request_id': '065cb6e8d3db489a08f491c93ef57621'}
2026-05-20 12:50:33,301  INFO      3027 1-71 (Danfoss_VLT_FC302)  existing_len=0  qc=new
2026-05-20 12:50:33,335  INFO      23007 0x1A05:001 (Lenze_i550)  existing_len=0  qc=new
2026-05-20 12:50:33,345  INFO      23622 0x2006:033 (Lenze_i550)  existing_len=0  qc=new
2026-05-20 12:50:33,953  INFO      23211 0x23C8:001 (Lenze_i550)  existing_len=0  qc=new
2026-05-20 12:50:33,967  INFO      23110 0x232E:008 (Lenze_i550)  existing_len=0  qc=new
2026-05-20 12:50:34,097  INFO      23521 0x282A:001 (Lenze_i550)  existing_len=0  qc=new
2026-05-20 12:50:35,234  INFO      22907 0x400B:002 (Lenze_i550)  existing_len=0  qc=new
2026-05-20 12:50:35,281  ERROR       Error 0x2310:007: Error code: 429 - {'type': 'error', 'error': {'type': 'rate_limit_error', 'message': 'The Token Plan is designed for individual, interactive developer workflows. Traffic is currently high—please retry shortly. For higher concurrency or automated workloads, consider upgrading to a higher-tier plan or using the pay-as-you-go API. (2062)'}, 'request_id': '065cb6ebabdb721b0addaea520759e28'}
2026-05-20 12:50:35,448  ERROR       Error 0x1A05:001: Error code: 429 - {'type': 'error', 'error': {'type': 'rate_limit_error', 'message': 'The Token Plan is designed for individual, interactive developer workflows. Traffic is currently high—please retry shortly. For higher concurrency or automated workloads, consider upgrading to a higher-tier plan or using the pay-as-you-go API. (2062)'}, 'request_id': '065cb6ebd90124fbc61aee8f7a4aab8f'}
2026-05-20 12:50:35,450  ERROR       Error 0x2006:033: Error code: 429 - {'type': 'error', 'error': {'type': 'rate_limit_error', 'message': 'The Token Plan is designed for individual, interactive developer workflows. Traffic is currently high—please retry shortly. For higher concurrency or automated workloads, consider upgrading to a higher-tier plan or using the pay-as-you-go API. (2062)'}, 'request_id': '065cb6eb3735f913d992265a9be5c955'}
2026-05-20 12:50:35,499  ERROR       Error 1-71: Error code: 429 - {'type': 'error', 'error': {'type': 'rate_limit_error', 'message': 'The Token Plan is designed for individual, interactive developer workflows. Traffic is currently high—please retry shortly. For higher concurrency or automated workloads, consider upgrading to a higher-tier plan or using the pay-as-you-go API. (2062)'}, 'request_id': '065cb6ebb85aa2e4251c0855272b35b0'}
2026-05-20 12:50:35,735  INFO      22597 0x4009:002 (Lenze_i550)  existing_len=0  qc=new
2026-05-20 12:50:35,748  ERROR       Error 0x2642:004: Error code: 429 - {'type': 'error', 'error': {'type': 'rate_limit_error', 'message': 'The Token Plan is designed for individual, interactive developer workflows. Traffic is currently high—please retry shortly. For higher concurrency or automated workloads, consider upgrading to a higher-tier plan or using the pay-as-you-go API. (2062)'}, 'request_id': '065cb6eb46ac552bb156e10ecab8ab88'}
2026-05-20 12:50:35,824  INFO      24287 0x188D (Lenze_i550)  existing_len=0  qc=new
2026-05-20 12:50:36,002  ERROR       Error 0x23C8:001: Error code: 429 - {'type': 'error', 'error': {'type': 'rate_limit_error', 'message': 'The Token Plan is designed for individual, interactive developer workflows. Traffic is currently high—please retry shortly. For higher concurrency or automated workloads, consider upgrading to a higher-tier plan or using the pay-as-you-go API. (2062)'}, 'request_id': '065cb6eb373c9ff419210e49560653b2'}
2026-05-20 12:50:36,103  ERROR       Error 0x1872: Error code: 429 - {'type': 'error', 'error': {'type': 'rate_limit_error', 'message': 'The Token Plan is designed for individual, interactive developer workflows. Traffic is currently high—please retry shortly. For higher concurrency or automated workloads, consider upgrading to a higher-tier plan or using the pay-as-you-go API. (2062)'}, 'request_id': '065cb6ec35b4ed7147682abb0279e805'}
2026-05-20 12:50:36,127  ERROR       Error 0x232E:008: Error code: 429 - {'type': 'error', 'error': {'type': 'rate_limit_error', 'message': 'The Token Plan is designed for individual, interactive developer workflows. Traffic is currently high—please retry shortly. For higher concurrency or automated workloads, consider upgrading to a higher-tier plan or using the pay-as-you-go API. (2062)'}, 'request_id': '065cb6ecf2d43d4f29ce2ce37aaae4f6'}
2026-05-20 12:50:36,301  ERROR       Error 0x282A:001: Error code: 429 - {'type': 'error', 'error': {'type': 'rate_limit_error', 'message': 'The Token Plan is designed for individual, interactive developer workflows. Traffic is currently high—please retry shortly. For higher concurrency or automated workloads, consider upgrading to a higher-tier plan or using the pay-as-you-go API. (2062)'}, 'request_id': '065cb6ec315590ff924752ee171fabe1'}
2026-05-20 12:50:37,457  ERROR       Error 0x400B:002: Error code: 429 - {'type': 'error', 'error': {'type': 'rate_limit_error', 'message': 'The Token Plan is designed for individual, interactive developer workflows. Traffic is currently high—please retry shortly. For higher concurrency or automated workloads, consider upgrading to a higher-tier plan or using the pay-as-you-go API. (2062)'}, 'request_id': '065cb6eda71323bc6a6dbe6ac927b375'}
2026-05-20 12:50:37,814  ERROR       Error 0x4009:002: Error code: 429 - {'type': 'error', 'error': {'type': 'rate_limit_error', 'message': 'The Token Plan is designed for individual, interactive developer workflows. Traffic is currently high—please retry shortly. For higher concurrency or automated workloads, consider upgrading to a higher-tier plan or using the pay-as-you-go API. (2062)'}, 'request_id': '065cb6edfe4441f03b9415e14add5487'}
2026-05-20 12:50:38,006  ERROR       Error 0x2631:045: Error code: 429 - {'type': 'error', 'error': {'type': 'rate_limit_error', 'message': 'The Token Plan is designed for individual, interactive developer workflows. Traffic is currently high—please retry shortly. For higher concurrency or automated workloads, consider upgrading to a higher-tier plan or using the pay-as-you-go API. (2062)'}, 'request_id': '065cb6eddf4e7c2cb714cc2421322ddb'}
2026-05-20 12:50:38,042  ERROR       Error 0x188D: Error code: 429 - {'type': 'error', 'error': {'type': 'rate_limit_error', 'message': 'The Token Plan is designed for individual, interactive developer workflows. Traffic is currently high—please retry shortly. For higher concurrency or automated workloads, consider upgrading to a higher-tier plan or using the pay-as-you-go API. (2062)'}, 'request_id': '065cb6edd7084d8d4d139a3f7034d651'}
2026-05-20 12:50:39,040  ERROR       Error 0x2006:033: Error code: 429 - {'type': 'error', 'error': {'type': 'rate_limit_error', 'message': 'The Token Plan is designed for individual, interactive developer workflows. Traffic is currently high—please retry shortly. For higher concurrency or automated workloads, consider upgrading to a higher-tier plan or using the pay-as-you-go API. (2062)'}, 'request_id': '065cb6eec7351be2605597f78d54783b'}
2026-05-20 12:50:39,205  ERROR       Error 1-71: Error code: 429 - {'type': 'error', 'error': {'type': 'rate_limit_error', 'message': 'The Token Plan is designed for individual, interactive developer workflows. Traffic is currently high—please retry shortly. For higher concurrency or automated workloads, consider upgrading to a higher-tier plan or using the pay-as-you-go API. (2062)'}, 'request_id': '065cb6efec35ec5c3330e3761938bf34'}
2026-05-20 12:50:39,251  ERROR       Error 0x1A05:001: Error code: 429 - {'type': 'error', 'error': {'type': 'rate_limit_error', 'message': 'The Token Plan is designed for individual, interactive developer workflows. Traffic is currently high—please retry shortly. For higher concurrency or automated workloads, consider upgrading to a higher-tier plan or using the pay-as-you-go API. (2062)'}, 'request_id': '065cb6efe1b4f4c4eac3efc54e4fc0d0'}
2026-05-20 12:50:39,789  ERROR       Error 0x23C8:001: Error code: 429 - {'type': 'error', 'error': {'type': 'rate_limit_error', 'message': 'The Token Plan is designed for individual, interactive developer workflows. Traffic is currently high—please retry shortly. For higher concurrency or automated workloads, consider upgrading to a higher-tier plan or using the pay-as-you-go API. (2062)'}, 'request_id': '065cb6efbb8cd54f28ddc9ba58ff9da3'}
2026-05-20 12:50:39,805  ERROR       Error 0x232E:008: Error code: 429 - {'type': 'error', 'error': {'type': 'rate_limit_error', 'message': 'The Token Plan is designed for individual, interactive developer workflows. Traffic is currently high—please retry shortly. For higher concurrency or automated workloads, consider upgrading to a higher-tier plan or using the pay-as-you-go API. (2062)'}, 'request_id': '065cb6ef4a17c41fcc6b736068407f7a'}
2026-05-20 12:50:39,995  ERROR       Error 0x282A:001: Error code: 429 - {'type': 'error', 'error': {'type': 'rate_limit_error', 'message': 'The Token Plan is designed for individual, interactive developer workflows. Traffic is currently high—please retry shortly. For higher concurrency or automated workloads, consider upgrading to a higher-tier plan or using the pay-as-you-go API. (2062)'}, 'request_id': '065cb6ef5ff2bd3365c655934e2a959c'}
2026-05-20 12:50:44,007  INFO      22702 0x2631:046 (Lenze_i550)  existing_len=0  qc=new
2026-05-20 12:50:47,789  INFO        -> new: Indicatie ca modul manual este activ. Acest mod permite operarea directa a conve
2026-05-20 12:50:47,890  INFO      24288 0x188E (Lenze_i550)  existing_len=0  qc=new
2026-05-20 12:50:47,960  INFO        -> new: Activeaza detectia pierderii unei faze la motor. Când o faza este deconectata sa
2026-05-20 12:50:48,061  INFO      23415 0x1873 (Lenze_i550)  existing_len=0  qc=new
2026-05-20 12:50:48,197  INFO        -> new: Afiseaza valoarea curenta a intrarii HTL scalata ca valoare de cuplu in procente
2026-05-20 12:50:48,297  INFO      22807 0x2DA4:003 (Lenze_i550)  existing_len=0  qc=new
2026-05-20 12:50:48,983  INFO        -> new: Entry 28 in the error history buffer contains a specific error code that was rec
2026-05-20 12:50:49,083  INFO      23623 0x2006:034 (Lenze_i550)  existing_len=0  qc=new
2026-05-20 12:50:49,863  INFO        -> new: Afiseaza ultimul octet de date primit prin comunicatia Modbus. Este un parametru
2026-05-20 12:50:49,964  INFO      23111 0x232E:009 (Lenze_i550)  existing_len=0  qc=new
2026-05-20 12:50:49,998  INFO        -> new: Defineste datele de iesire proces trimise de la masterul IO-Link catre dispoziti
2026-05-20 12:50:50,099  INFO      23317 0x2310:008 (Lenze_i550)  existing_len=0  qc=new
2026-05-20 12:50:50,435  INFO        -> new: Afiseaza ultima valoare MOP salvata intern pentru referinta de control PID. Acea
2026-05-20 12:50:50,535  INFO      22599 0x402B:004 (Lenze_i550)  existing_len=0  qc=new
2026-05-20 12:50:51,334  INFO        -> new: Afiseaza starea curenta a magistralei de comunicatie POWERLINK. Arata starea mas
2026-05-20 12:50:51,344  WARNING     Bad categorie 'Control' for 0x400B:002, retry
2026-05-20 12:50:51,435  INFO      23212 0x23C9:001 (Lenze_i550)  existing_len=0  qc=new
2026-05-20 12:50:51,456  INFO        -> new: Afisaj bit-coded al cauzelor pentru care invertorul este dezactivat. Bitii indic
2026-05-20 12:50:51,557  INFO      23522 0x282A:002 (Lenze_i550)  existing_len=0  qc=new
2026-05-20 12:50:52,629  INFO        -> new: Seteaza timpul de intarziere in secunde inainte ca motorul sa inceapa accelerare
2026-05-20 12:50:52,729  INFO      3028 15-30 (Danfoss_VLT_FC302)  existing_len=0  qc=new
2026-05-20 12:50:53,663  INFO        -> new: Configureaza primul obiect mapat in TPDO (A) pentru comunicatie CANopen. Formatu
2026-05-20 12:50:53,764  INFO      23008 0x1A05:002 (Lenze_i550)  existing_len=0  qc=new
2026-05-20 12:50:54,678  INFO        -> new: Afiseaza identificatorul producatorului/integratorului de drive. Este un paramet
2026-05-20 12:50:54,779  INFO      23318 0x2310:009 (Lenze_i550)  existing_len=0  qc=new
2026-05-20 12:50:55,041  INFO        -> new: Monitorizeaza starea fazei U a motorului. Detecteaza intreruperea sau defectiune
2026-05-20 12:50:55,142  INFO      23416 0x1874 (Lenze_i550)  existing_len=0  qc=new
2026-05-20 12:50:55,266  INFO        -> new: Afiseaza ultimul byte de date receptionat prin comunicatia Modbus. Este un param
2026-05-20 12:50:55,366  INFO      23112 0x232E:010 (Lenze_i550)  existing_len=0  qc=new
2026-05-20 12:50:55,392  INFO        -> new: Afiseaza valoarea curenta a intrarii analogice 1 (X3/AI1) scalata ca valoare pen
2026-05-20 12:50:55,493  INFO      22808 0x2636:011 (Lenze_i550)  existing_len=0  qc=new
2026-05-20 12:50:56,667  INFO        -> new: Atribuie o sursa de trigger pentru functia "Seteaza iesirea controlerului de pro
2026-05-20 12:50:56,768  INFO      22703 0x2631:047 (Lenze_i550)  existing_len=0  qc=new
2026-05-20 12:50:59,827  INFO        -> new: Afiseaza in format bit codificat cauza opririi rapide a motorului. Bit 0 = trigg
2026-05-20 12:50:59,928  INFO      23523 0x282A:003 (Lenze_i550)  existing_len=0  qc=new
2026-05-20 12:50:59,992  INFO        -> new: Afiseaza ID-ul unic al dispozitivului VFD. Valoarea este setata din fabrica si n
2026-05-20 12:51:00,092  INFO      23319 0x2310:010 (Lenze_i550)  existing_len=0  qc=new
2026-05-20 12:51:00,356  INFO        -> new: Inregistrare din buffer-ul de istoric al erorilor continand detaliile evenimentu
2026-05-20 12:51:00,391  INFO        -> new: Seteaza starea releului si a iesirilor digitale DO1 si DO2 in timpul segmentului
2026-05-20 12:51:00,457  INFO      23624 0x2006:035 (Lenze_i550)  existing_len=0  qc=new
2026-05-20 12:51:00,492  INFO      22600 0x402B:005 (Lenze_i550)  existing_len=0  qc=new
2026-05-20 12:51:01,137  INFO        -> new: Defineste durata maxima de functionare in modul manual fara interventie a operat
2026-05-20 12:51:01,237  INFO      24289 0x405C:003 (Lenze_i550)  existing_len=0  qc=new
2026-05-20 12:51:02,327  INFO        -> new: Afiseaza ultimul octet de date receptionat prin comunicatia Modbus. Valoarea 8 r
2026-05-20 12:51:02,428  INFO      23113 0x232E:011 (Lenze_i550)  existing_len=0  qc=new
2026-05-20 12:51:02,555  INFO        -> new: Monitorizeaza prezenta tensiunii pe faza V a motorului. Daca tensiunea lipseste 
2026-05-20 12:51:02,655  INFO      23417 0x1875 (Lenze_i550)  existing_len=0  qc=new
2026-05-20 12:51:02,742  INFO        -> new: Afiseaza codul numeric al ultimei defectiuni inregistrate in jurnal. Cand apare 
2026-05-20 12:51:02,842  INFO      3029 15-32 (Danfoss_VLT_FC302)  existing_len=0  qc=new
2026-05-20 12:51:03,776  INFO        -> new: Atribuie un semnal de declansare pentru inhibarea componentei I a controllerului
2026-05-20 12:51:03,796  INFO        -> new: Configureaza selectarea sursei referintei de frecventa prin bitii 1 si 0 ai cuva
2026-05-20 12:51:03,877  INFO      22704 0x2631:048 (Lenze_i550)  existing_len=0  qc=new
2026-05-20 12:51:03,896  INFO      22908 0x400C:002 (Lenze_i550)  existing_len=0  qc=new
2026-05-20 12:51:04,519  INFO        -> new: Seteaza valoarea minima a cuplului in raport cu semnalul de intrare analogic. 10
2026-05-20 12:51:04,620  INFO      22809 0x2636:012 (Lenze_i550)  existing_len=0  qc=new
2026-05-20 12:51:05,429  INFO        -> new: Afiseaza starea codificata pe biti a erorilor de comunicatie pe busul POWERLINK,
2026-05-20 12:51:05,529  INFO      23213 0x1030:001 (Lenze_i550)  existing_len=0  qc=new
2026-05-20 12:51:06,360  INFO        -> new: Configureaza intrarea de mapping 2 pentru TPDO (A) - stabileste care obiect CANo
2026-05-20 12:51:06,461  INFO      23009 0x1A05:003 (Lenze_i550)  existing_len=0  qc=new
2026-05-20 12:51:06,733  INFO        -> new: Acest parametru afiseaza identificatorul functiei active in pagina 1 de parametr
2026-05-20 12:51:06,833  INFO      23320 0x2319:001 (Lenze_i550)  existing_len=0  qc=new
2026-05-20 12:51:06,951  INFO        -> new: Intrarea 30 din buffer-ul de istoric erori contine codul si timestamp-ul unei er
2026-05-20 12:51:07,051  INFO      23625 0x2006:036 (Lenze_i550)  existing_len=0  qc=new
2026-05-20 12:51:08,466  INFO        -> new: Indică stare senzorului de faza W a motorului. Valoarea 0 = normal, alta valoare
2026-05-20 12:51:08,566  INFO      23418 0x1876 (Lenze_i550)  existing_len=0  qc=new
2026-05-20 12:51:10,038  INFO        -> new: Cuvant de stare bit-codificat care afiseaza cauza(cauzele) opririi variatorului.
2026-05-20 12:51:10,059  INFO        -> new: Afiseaza momentul de timp la care a aparut o inregistrare din jurnalul de defect
2026-05-20 12:51:10,139  INFO      23524 0x282A:005 (Lenze_i550)  existing_len=0  qc=new
2026-05-20 12:51:10,160  INFO      3030 14-22 (Danfoss_VLT_FC302)  existing_len=0  qc=new
2026-05-20 12:51:10,901  INFO        -> new: Afiseaza ultimul octet de date receptionat prin comunicatia Modbus. Folosit pent
2026-05-20 12:51:11,002  INFO      23114 0x232E:012 (Lenze_i550)  existing_len=0  qc=new
2026-05-20 12:51:11,476  INFO        -> new: Seteaza tensiunea de iesire pentru iesirile analogice in timpul executiei segmen
2026-05-20 12:51:11,576  INFO      22601 0x402B:006 (Lenze_i550)  existing_len=0  qc=new
2026-05-20 12:51:13,173  INFO        -> new: Seteaza frecventa la care pompa secundara este pornita in regim cascade. Cand fr
2026-05-20 12:51:13,274  INFO      24290 0x405C:008 (Lenze_i550)  existing_len=0  qc=new
2026-05-20 12:51:13,314  INFO        -> new: Afiseaza numele producatorului invertorului de frecventa. Este o informatie de i
2026-05-20 12:51:13,414  INFO      23321 0x2319:002 (Lenze_i550)  existing_len=0  qc=new
2026-05-20 12:51:13,524  INFO        -> new: Seteaza valoarea maxima a cuplului corespunzatoare semnalului maxim de la Intrar
2026-05-20 12:51:13,607  INFO        -> new: Activeaza rampa de influenta PID pentru tranzitii lineare intre set-points. Cand
2026-05-20 12:51:13,625  INFO      22810 0x2635:002 (Lenze_i550)  existing_len=0  qc=new
2026-05-20 12:51:13,707  INFO      22705 0x401F:001 (Lenze_i550)  existing_len=0  qc=new
2026-05-20 12:51:13,854  INFO        -> new: Configureaza a treia intrare de mapping pentru obiectul TPDO (A) care va fi tran
2026-05-20 12:51:13,955  INFO      23010 0x1A05:004 (Lenze_i550)  existing_len=0  qc=new
2026-05-20 12:51:15,397  INFO        -> new: Afiseaza starea curenta a invertorului. Contine informatii despre modul operatio
2026-05-20 12:51:15,498  INFO      23525 0x603F (Lenze_i550)  existing_len=0  qc=new
2026-05-20 12:51:15,543  INFO        -> new: Stocheaza mesajul de eroare #30 din buffer-ul de istoric al erorilor. Contine co
2026-05-20 12:51:15,644  INFO      23626 0x2006:037 (Lenze_i550)  existing_len=0  qc=new
2026-05-20 12:51:15,981  INFO        -> new: Cuvant de stare pentru iesire pe magistrala de comunicatie LECOM. Bitii sunt con
2026-05-20 12:51:16,082  INFO      22909 0x2300 (Lenze_i550)  existing_len=0  qc=new
2026-05-20 12:51:17,341  INFO        -> new: Afiseaza textul producatorului dispozitivului. Aceasta este o informatie read-on
2026-05-20 12:51:17,442  INFO      23322 0x2319:003 (Lenze_i550)  existing_len=0  qc=new
2026-05-20 12:51:18,208  INFO        -> new: Afiseaza ultimul byte de date receptionat prin comunicatia Modbus. Este un param
2026-05-20 12:51:18,309  INFO      23115 0x232E:013 (Lenze_i550)  existing_len=0  qc=new
2026-05-20 12:51:18,923  INFO        -> new: Afiseaza numarul de identificare (index) al interfetei Ethernet din grupul NMT. 
2026-05-20 12:51:19,023  INFO      23214 0x1030:002 (Lenze_i550)  existing_len=0  qc=new
2026-05-20 12:51:19,686  INFO        -> new: Seteaza inversarea logicii pentru iesirea digitala 1. Cand este activata, iesire
2026-05-20 12:51:19,787  INFO      22811 0x2646:001 (Lenze_i550)  existing_len=0  qc=new
2026-05-20 12:51:20,071  ERROR       Error 0x232E:013: Error code: 429 - {'type': 'error', 'error': {'type': 'rate_limit_error', 'message': 'The Token Plan is designed for individual, interactive developer workflows. Traffic is currently high—please retry shortly. For higher concurrency or automated workloads, consider upgrading to a higher-tier plan or using the pay-as-you-go API. (2062)'}, 'request_id': '065cb717a4874e8b51fd26a25902c984'}
2026-05-20 12:51:20,236  INFO        -> new: Acest fault indica faptul ca procedura de identificare automata a parametrilor m
2026-05-20 12:51:20,337  INFO      23419 0x1877 (Lenze_i550)  existing_len=0  qc=new
2026-05-20 12:51:20,660  ERROR       Error 0x1030:002: Error code: 429 - {'type': 'error', 'error': {'type': 'rate_limit_error', 'message': 'The Token Plan is designed for individual, interactive developer workflows. Traffic is currently high—please retry shortly. For higher concurrency or automated workloads, consider upgrading to a higher-tier plan or using the pay-as-you-go API. (2062)'}, 'request_id': '065cb718f03f0c8d3c233aa9354c1b72'}
2026-05-20 12:51:21,499  INFO        -> new: Afiseaza valoarea actuala a referintei (setpoint) pentru controlerul de proces P
2026-05-20 12:51:21,550  INFO        -> new: Configureaza intrarea de mapare 4 pentru TPDO (A) in modul liber. Defineste ce o
2026-05-20 12:51:21,550  ERROR       Error 0x2646:001: Error code: 429 - {'type': 'error', 'error': {'type': 'rate_limit_error', 'message': 'The Token Plan is designed for individual, interactive developer workflows. Traffic is currently high—please retry shortly. For higher concurrency or automated workloads, consider upgrading to a higher-tier plan or using the pay-as-you-go API. (2062)'}, 'request_id': '065cb719aba16d6769e3900d1dd6c566'}
2026-05-20 12:51:21,564  INFO        -> new: Seteaza modul de operare al convertorului de frecventa. Selectand [1] Test, se i
2026-05-20 12:51:21,600  INFO      22706 0x2631:017 (Lenze_i550)  existing_len=0  qc=new
2026-05-20 12:51:21,650  INFO      23011 0x1A05:005 (Lenze_i550)  existing_len=0  qc=new
2026-05-20 12:51:21,664  INFO      3031 14-50 (Danfoss_VLT_FC302)  existing_len=0  qc=new
2026-05-20 12:51:21,936  ERROR       Error 0x1877: Error code: 429 - {'type': 'error', 'error': {'type': 'rate_limit_error', 'message': 'The Token Plan is designed for individual, interactive developer workflows. Traffic is currently high—please retry shortly. For higher concurrency or automated workloads, consider upgrading to a higher-tier plan or using the pay-as-you-go API. (2062)'}, 'request_id': '065cb7193153c3cc2466c90cd39a2342'}
2026-05-20 12:51:22,836  INFO        -> new: Seteaza valoarea de referinta PID pentru segmentul 6 al secventiatorului. Aceast
2026-05-20 12:51:22,915  INFO        -> new: Afiseaza numele produsului VFD-ului. Este un parametru doar pentru citire, infor
2026-05-20 12:51:22,937  INFO      22602 0x402B:007 (Lenze_i550)  existing_len=0  qc=new
2026-05-20 12:51:23,016  INFO      23323 0x2319:004 (Lenze_i550)  existing_len=0  qc=new
2026-05-20 12:51:23,214  ERROR       Error 0x2631:017: Error code: 429 - {'type': 'error', 'error': {'type': 'rate_limit_error', 'message': 'The Token Plan is designed for individual, interactive developer workflows. Traffic is currently high—please retry shortly. For higher concurrency or automated workloads, consider upgrading to a higher-tier plan or using the pay-as-you-go API. (2062)'}, 'request_id': '065cb71b824c02ba6d6439b839a5216f'}
2026-05-20 12:51:23,291  ERROR       Error 0x1A05:005: Error code: 429 - {'type': 'error', 'error': {'type': 'rate_limit_error', 'message': 'The Token Plan is designed for individual, interactive developer workflows. Traffic is currently high—please retry shortly. For higher concurrency or automated workloads, consider upgrading to a higher-tier plan or using the pay-as-you-go API. (2062)'}, 'request_id': '065cb71be177d3de369f92ad967a78a9'}
2026-05-20 12:51:23,324  ERROR       Error 14-50: Error code: 429 - {'type': 'error', 'error': {'type': 'rate_limit_error', 'message': 'The Token Plan is designed for individual, interactive developer workflows. Traffic is currently high—please retry shortly. For higher concurrency or automated workloads, consider upgrading to a higher-tier plan or using the pay-as-you-go API. (2062)'}, 'request_id': '065cb71b0ad262a6a98fac7d912935f3'}
2026-05-20 12:51:23,935  ERROR       Error 0x232E:013: Error code: 429 - {'type': 'error', 'error': {'type': 'rate_limit_error', 'message': 'The Token Plan is designed for individual, interactive developer workflows. Traffic is currently high—please retry shortly. For higher concurrency or automated workloads, consider upgrading to a higher-tier plan or using the pay-as-you-go API. (2062)'}, 'request_id': '065cb71b26607fb6c395af74658515b6'}
2026-05-20 12:51:24,233  INFO        -> new: Afiseaza codul erorii active a convertizorului de frecventa. Este un parametru r
2026-05-20 12:51:24,330  ERROR       Error 0x1030:002: Error code: 429 - {'type': 'error', 'error': {'type': 'rate_limit_error', 'message': 'The Token Plan is designed for individual, interactive developer workflows. Traffic is currently high—please retry shortly. For higher concurrency or automated workloads, consider upgrading to a higher-tier plan or using the pay-as-you-go API. (2062)'}, 'request_id': '065cb71c63705cb4177210fee8953f12'}
2026-05-20 12:51:24,334  INFO      23526 0x2D81:001 (Lenze_i550)  existing_len=0  qc=new
2026-05-20 12:51:24,568  ERROR       Error 0x402B:007: Error code: 429 - {'type': 'error', 'error': {'type': 'rate_limit_error', 'message': 'The Token Plan is designed for individual, interactive developer workflows. Traffic is currently high—please retry shortly. For higher concurrency or automated workloads, consider upgrading to a higher-tier plan or using the pay-as-you-go API. (2062)'}, 'request_id': '065cb71cf0757d86c86cdb8471d3dabc'}
2026-05-20 12:51:24,612  INFO        -> new: Seteaza pragul de frecventa superior pentru functia de pump cascading. Cand frec
2026-05-20 12:51:24,713  INFO      24291 0x405C:004 (Lenze_i550)  existing_len=0  qc=new
2026-05-20 12:51:24,781  ERROR       Error 0x2319:004: Error code: 429 - {'type': 'error', 'error': {'type': 'rate_limit_error', 'message': 'The Token Plan is designed for individual, interactive developer workflows. Traffic is currently high—please retry shortly. For higher concurrency or automated workloads, consider upgrading to a higher-tier plan or using the pay-as-you-go API. (2062)'}, 'request_id': '065cb71cc1745eddd6e2497d8eb7f829'}
2026-05-20 12:51:25,017  INFO        -> new: Comanda restartarea sau oprirea comunicatiei CANopen. Restartarea se poate face 
2026-05-20 12:51:25,117  INFO      22910 0x2301:001 (Lenze_i550)  existing_len=0  qc=new
2026-05-20 12:51:25,155  ERROR       Error 0x2646:001: Error code: 429 - {'type': 'error', 'error': {'type': 'rate_limit_error', 'message': 'The Token Plan is designed for individual, interactive developer workflows. Traffic is currently high—please retry shortly. For higher concurrency or automated workloads, consider upgrading to a higher-tier plan or using the pay-as-you-go API. (2062)'}, 'request_id': '065cb71d825f20af4a9dd81ead4ed5f5'}
2026-05-20 12:51:25,605  ERROR       Error 0x1877: Error code: 429 - {'type': 'error', 'error': {'type': 'rate_limit_error', 'message': 'The Token Plan is designed for individual, interactive developer workflows. Traffic is currently high—please retry shortly. For higher concurrency or automated workloads, consider upgrading to a higher-tier plan or using the pay-as-you-go API. (2062)'}, 'request_id': '065cb71d8cabc6f8d8e599596304f91a'}
2026-05-20 12:51:25,884  INFO        -> new: Inregistrare numarul 32 din buffer-ul de istoric al erorilor. Contine codul eror
2026-05-20 12:51:25,985  INFO      23627 0x2007:001 (Lenze_i550)  existing_len=0  qc=new
2026-05-20 12:51:26,140  ERROR       Error 0x2D81:001: Error code: 429 - {'type': 'error', 'error': {'type': 'rate_limit_error', 'message': 'The Token Plan is designed for individual, interactive developer workflows. Traffic is currently high—please retry shortly. For higher concurrency or automated workloads, consider upgrading to a higher-tier plan or using the pay-as-you-go API. (2062)'}, 'request_id': '065cb71edb22f896d1871eed2f7c62f4'}
2026-05-20 12:51:26,432  ERROR       Error 0x405C:004: Error code: 429 - {'type': 'error', 'error': {'type': 'rate_limit_error', 'message': 'The Token Plan is designed for individual, interactive developer workflows. Traffic is currently high—please retry shortly. For higher concurrency or automated workloads, consider upgrading to a higher-tier plan or using the pay-as-you-go API. (2062)'}, 'request_id': '065cb71e472a1025191107c42c2b6f52'}
2026-05-20 12:51:26,847  ERROR       Error 0x1A05:005: Error code: 429 - {'type': 'error', 'error': {'type': 'rate_limit_error', 'message': 'The Token Plan is designed for individual, interactive developer workflows. Traffic is currently high—please retry shortly. For higher concurrency or automated workloads, consider upgrading to a higher-tier plan or using the pay-as-you-go API. (2062)'}, 'request_id': '065cb71e75dfd403e7f516107ca238d3'}
2026-05-20 12:51:26,936  ERROR       Error 0x2301:001: Error code: 429 - {'type': 'error', 'error': {'type': 'rate_limit_error', 'message': 'The Token Plan is designed for individual, interactive developer workflows. Traffic is currently high—please retry shortly. For higher concurrency or automated workloads, consider upgrading to a higher-tier plan or using the pay-as-you-go API. (2062)'}, 'request_id': '065cb71e3cabad1fc9c4abd7d596ce9d'}
2026-05-20 12:51:27,007  ERROR       Error 0x2631:017: Error code: 429 - {'type': 'error', 'error': {'type': 'rate_limit_error', 'message': 'The Token Plan is designed for individual, interactive developer workflows. Traffic is currently high—please retry shortly. For higher concurrency or automated workloads, consider upgrading to a higher-tier plan or using the pay-as-you-go API. (2062)'}, 'request_id': '065cb71e4271fca784b15a0a7a82438d'}
2026-05-20 12:51:27,031  ERROR       Error 14-50: Error code: 429 - {'type': 'error', 'error': {'type': 'rate_limit_error', 'message': 'The Token Plan is designed for individual, interactive developer workflows. Traffic is currently high—please retry shortly. For higher concurrency or automated workloads, consider upgrading to a higher-tier plan or using the pay-as-you-go API. (2062)'}, 'request_id': '065cb71e17e9c2205480127ae32db1b9'}
2026-05-20 12:51:27,701  ERROR       Error 0x2007:001: Error code: 429 - {'type': 'error', 'error': {'type': 'rate_limit_error', 'message': 'The Token Plan is designed for individual, interactive developer workflows. Traffic is currently high—please retry shortly. For higher concurrency or automated workloads, consider upgrading to a higher-tier plan or using the pay-as-you-go API. (2062)'}, 'request_id': '065cb71f30568c3d5baa01797e025ef1'}
2026-05-20 12:51:28,226  ERROR       Error 0x402B:007: Error code: 429 - {'type': 'error', 'error': {'type': 'rate_limit_error', 'message': 'The Token Plan is designed for individual, interactive developer workflows. Traffic is currently high—please retry shortly. For higher concurrency or automated workloads, consider upgrading to a higher-tier plan or using the pay-as-you-go API. (2062)'}, 'request_id': '065cb72075eb2d18b595bb672602f220'}
2026-05-20 12:51:28,367  ERROR       Error 0x2319:004: Error code: 429 - {'type': 'error', 'error': {'type': 'rate_limit_error', 'message': 'The Token Plan is designed for individual, interactive developer workflows. Traffic is currently high—please retry shortly. For higher concurrency or automated workloads, consider upgrading to a higher-tier plan or using the pay-as-you-go API. (2062)'}, 'request_id': '065cb7207206b495a4a6cdf7bc54581a'}
2026-05-20 12:51:29,718  ERROR       Error 0x232E:013: Error code: 429 - {'type': 'error', 'error': {'type': 'rate_limit_error', 'message': 'The Token Plan is designed for individual, interactive developer workflows. Traffic is currently high—please retry shortly. For higher concurrency or automated workloads, consider upgrading to a higher-tier plan or using the pay-as-you-go API. (2062)'}, 'request_id': '065cb72160d573a8c38c614f81f3f2e2'}
2026-05-20 12:51:29,747  ERROR       Error 0x2D81:001: Error code: 429 - {'type': 'error', 'error': {'type': 'rate_limit_error', 'message': 'The Token Plan is designed for individual, interactive developer workflows. Traffic is currently high—please retry shortly. For higher concurrency or automated workloads, consider upgrading to a higher-tier plan or using the pay-as-you-go API. (2062)'}, 'request_id': '065cb721bd22f6b29490663f91bcda4c'}
2026-05-20 12:51:30,239  ERROR       Error 0x1030:002: Error code: 429 - {'type': 'error', 'error': {'type': 'rate_limit_error', 'message': 'The Token Plan is designed for individual, interactive developer workflows. Traffic is currently high—please retry shortly. For higher concurrency or automated workloads, consider upgrading to a higher-tier plan or using the pay-as-you-go API. (2062)'}, 'request_id': '065cb72251126dc39661a115b1a985c1'}
2026-05-20 12:51:30,239  ERROR       Error 0x405C:004: Error code: 429 - {'type': 'error', 'error': {'type': 'rate_limit_error', 'message': 'The Token Plan is designed for individual, interactive developer workflows. Traffic is currently high—please retry shortly. For higher concurrency or automated workloads, consider upgrading to a higher-tier plan or using the pay-as-you-go API. (2062)'}, 'request_id': '065cb722346a61481591148163f04111'}
2026-05-20 12:51:30,710  ERROR       Error 0x2301:001: Error code: 429 - {'type': 'error', 'error': {'type': 'rate_limit_error', 'message': 'The Token Plan is designed for individual, interactive developer workflows. Traffic is currently high—please retry shortly. For higher concurrency or automated workloads, consider upgrading to a higher-tier plan or using the pay-as-you-go API. (2062)'}, 'request_id': '065cb722637e38c743296b5b63aa7b53'}
2026-05-20 12:51:30,943  ERROR       Error 0x2646:001: Error code: 429 - {'type': 'error', 'error': {'type': 'rate_limit_error', 'message': 'The Token Plan is designed for individual, interactive developer workflows. Traffic is currently high—please retry shortly. For higher concurrency or automated workloads, consider upgrading to a higher-tier plan or using the pay-as-you-go API. (2062)'}, 'request_id': '065cb722ca150ac89ba34183f3148985'}
2026-05-20 12:51:31,239  ERROR       Error 0x1877: Error code: 429 - {'type': 'error', 'error': {'type': 'rate_limit_error', 'message': 'The Token Plan is designed for individual, interactive developer workflows. Traffic is currently high—please retry shortly. For higher concurrency or automated workloads, consider upgrading to a higher-tier plan or using the pay-as-you-go API. (2062)'}, 'request_id': '065cb723601a966a7bc516b041ca2241'}
2026-05-20 12:51:31,311  ERROR       Error 0x2007:001: Error code: 429 - {'type': 'error', 'error': {'type': 'rate_limit_error', 'message': 'The Token Plan is designed for individual, interactive developer workflows. Traffic is currently high—please retry shortly. For higher concurrency or automated workloads, consider upgrading to a higher-tier plan or using the pay-as-you-go API. (2062)'}, 'request_id': '065cb723b2ff37ae6be8bc87032a893e'}
2026-05-20 12:51:32,537  ERROR       Error 0x1A05:005: Error code: 429 - {'type': 'error', 'error': {'type': 'rate_limit_error', 'message': 'The Token Plan is designed for individual, interactive developer workflows. Traffic is currently high—please retry shortly. For higher concurrency or automated workloads, consider upgrading to a higher-tier plan or using the pay-as-you-go API. (2062)'}, 'request_id': '065cb72466a8d99bde25cb6a95706b96'}
2026-05-20 12:51:32,700  ERROR       Error 14-50: Error code: 429 - {'type': 'error', 'error': {'type': 'rate_limit_error', 'message': 'The Token Plan is designed for individual, interactive developer workflows. Traffic is currently high—please retry shortly. For higher concurrency or automated workloads, consider upgrading to a higher-tier plan or using the pay-as-you-go API. (2062)'}, 'request_id': '065cb7242cca319086520e598fa90c5a'}
2026-05-20 12:51:32,758  ERROR       Error 0x2631:017: Error code: 429 - {'type': 'error', 'error': {'type': 'rate_limit_error', 'message': 'The Token Plan is designed for individual, interactive developer workflows. Traffic is currently high—please retry shortly. For higher concurrency or automated workloads, consider upgrading to a higher-tier plan or using the pay-as-you-go API. (2062)'}, 'request_id': '065cb7241b37b8d0f2aa02c8540cf36e'}
2026-05-20 12:51:33,979  ERROR       Error 0x402B:007: Error code: 429 - {'type': 'error', 'error': {'type': 'rate_limit_error', 'message': 'The Token Plan is designed for individual, interactive developer workflows. Traffic is currently high—please retry shortly. For higher concurrency or automated workloads, consider upgrading to a higher-tier plan or using the pay-as-you-go API. (2062)'}, 'request_id': '065cb725c24001e97d63944b8344a8cd'}
2026-05-20 12:51:34,193  ERROR       Error 0x2319:004: Error code: 429 - {'type': 'error', 'error': {'type': 'rate_limit_error', 'message': 'The Token Plan is designed for individual, interactive developer workflows. Traffic is currently high—please retry shortly. For higher concurrency or automated workloads, consider upgrading to a higher-tier plan or using the pay-as-you-go API. (2062)'}, 'request_id': '065cb7263be680849a65ba7098342421'}
2026-05-20 12:51:35,506  ERROR       Error 0x2D81:001: Error code: 429 - {'type': 'error', 'error': {'type': 'rate_limit_error', 'message': 'The Token Plan is designed for individual, interactive developer workflows. Traffic is currently high—please retry shortly. For higher concurrency or automated workloads, consider upgrading to a higher-tier plan or using the pay-as-you-go API. (2062)'}, 'request_id': '065cb727fef461c7e94c863ea865b759'}
2026-05-20 12:51:35,718  INFO      23116 0x232E:014 (Lenze_i550)  existing_len=0  qc=new
2026-05-20 12:51:35,989  ERROR       Error 0x405C:004: Error code: 429 - {'type': 'error', 'error': {'type': 'rate_limit_error', 'message': 'The Token Plan is designed for individual, interactive developer workflows. Traffic is currently high—please retry shortly. For higher concurrency or automated workloads, consider upgrading to a higher-tier plan or using the pay-as-you-go API. (2062)'}, 'request_id': '065cb7270d0bacd5fe6bc66c725d1f83'}
2026-05-20 12:51:36,240  INFO      23215 0x1030:003 (Lenze_i550)  existing_len=0  qc=new
2026-05-20 12:51:36,462  ERROR       Error 0x2301:001: Error code: 429 - {'type': 'error', 'error': {'type': 'rate_limit_error', 'message': 'The Token Plan is designed for individual, interactive developer workflows. Traffic is currently high—please retry shortly. For higher concurrency or automated workloads, consider upgrading to a higher-tier plan or using the pay-as-you-go API. (2062)'}, 'request_id': '065cb728b1836b3ce8af46a3ec627e38'}
2026-05-20 12:51:36,943  INFO      22812 0x2635:003 (Lenze_i550)  existing_len=0  qc=new
2026-05-20 12:51:37,018  ERROR       Error 0x2007:001: Error code: 429 - {'type': 'error', 'error': {'type': 'rate_limit_error', 'message': 'The Token Plan is designed for individual, interactive developer workflows. Traffic is currently high—please retry shortly. For higher concurrency or automated workloads, consider upgrading to a higher-tier plan or using the pay-as-you-go API. (2062)'}, 'request_id': '065cb728d1523c3714e1c5911c2d6b7f'}
2026-05-20 12:51:37,240  INFO      23420 0x187E (Lenze_i550)  existing_len=0  qc=new
2026-05-20 12:51:37,982  ERROR       Error 0x232E:014: Error code: 429 - {'type': 'error', 'error': {'type': 'rate_limit_error', 'message': 'The Token Plan is designed for individual, interactive developer workflows. Traffic is currently high—please retry shortly. For higher concurrency or automated workloads, consider upgrading to a higher-tier plan or using the pay-as-you-go API. (2062)'}, 'request_id': '065cb72935480a2f70033a957d2a36bb'}
2026-05-20 12:51:38,186  ERROR       Error 0x1030:003: Error code: 429 - {'type': 'error', 'error': {'type': 'rate_limit_error', 'message': 'The Token Plan is designed for individual, interactive developer workflows. Traffic is currently high—please retry shortly. For higher concurrency or automated workloads, consider upgrading to a higher-tier plan or using the pay-as-you-go API. (2062)'}, 'request_id': '065cb72a04b4537394761e3ae7ac869e'}
2026-05-20 12:51:38,538  INFO      23012 0x1A05:006 (Lenze_i550)  existing_len=0  qc=new
2026-05-20 12:51:38,700  INFO      3032 8-30 (Danfoss_VLT_FC302)  existing_len=0  qc=new
2026-05-20 12:51:38,758  INFO      22707 0x2631:022 (Lenze_i550)  existing_len=0  qc=new
2026-05-20 12:51:39,042  ERROR       Error 0x2635:003: Error code: 429 - {'type': 'error', 'error': {'type': 'rate_limit_error', 'message': 'The Token Plan is designed for individual, interactive developer workflows. Traffic is currently high—please retry shortly. For higher concurrency or automated workloads, consider upgrading to a higher-tier plan or using the pay-as-you-go API. (2062)'}, 'request_id': '065cb72a7a973ceb611a24f398e6a715'}
2026-05-20 12:51:39,592  ERROR       Error 0x187E: Error code: 429 - {'type': 'error', 'error': {'type': 'rate_limit_error', 'message': 'The Token Plan is designed for individual, interactive developer workflows. Traffic is currently high—please retry shortly. For higher concurrency or automated workloads, consider upgrading to a higher-tier plan or using the pay-as-you-go API. (2062)'}, 'request_id': '065cb72b01c23295735b7fa4f94e3ebd'}
2026-05-20 12:51:39,980  INFO      22603 0x402B:008 (Lenze_i550)  existing_len=0  qc=new
2026-05-20 12:51:40,193  INFO      23324 0x2319:005 (Lenze_i550)  existing_len=0  qc=new
2026-05-20 12:51:41,507  INFO      23527 0x2D81:002 (Lenze_i550)  existing_len=0  qc=new
2026-05-20 12:51:41,989  INFO      24292 0x2631:056 (Lenze_i550)  existing_len=0  qc=new
2026-05-20 12:51:42,462  INFO      22911 0x2301:002 (Lenze_i550)  existing_len=0  qc=new
2026-05-20 12:51:43,018  INFO      23628 0x2007:002 (Lenze_i550)  existing_len=0  qc=new
2026-05-20 12:51:46,172  INFO        -> new: Afiseaza textul produsului sau modelul convertizorului de frecventa. Este un par
2026-05-20 12:51:46,272  INFO      23325 0x2319:006 (Lenze_i550)  existing_len=0  qc=new
2026-05-20 12:51:46,570  INFO        -> new: Afiseaza ultimul octet de date receptionat prin comunicatia Modbus. Este un para
2026-05-20 12:51:46,651  INFO        -> new: Activeaza inversarea logicii pentru iesirea digitala 2. Cand valoarea este 0 ies
2026-05-20 12:51:46,671  INFO      23117 0x232E:015 (Lenze_i550)  existing_len=0  qc=new
2026-05-20 12:51:46,751  INFO      22813 0x2DAB:001 (Lenze_i550)  existing_len=0  qc=new
2026-05-20 12:51:47,210  INFO        -> new: Selecteaza protocolul de comunicatie utilizat de convertorul de frecventa (Modbu
2026-05-20 12:51:47,310  INFO      3033 8-31 (Danfoss_VLT_FC302)  existing_len=0  qc=new
2026-05-20 12:51:47,461  INFO        -> new: Defineste intrarea de mapare 6 pentru obiectul CANopen care va fi transmis prin 
2026-05-20 12:51:47,561  INFO      23013 0x1A05:007 (Lenze_i550)  existing_len=0  qc=new
2026-05-20 12:51:48,040  INFO        -> new: Afiseaza timpul total cat dispozitivul a fost alimentat cu tensiune de retea de 
2026-05-20 12:51:48,141  INFO      23528 0x2D81:003 (Lenze_i550)  existing_len=0  qc=new
2026-05-20 12:51:49,221  INFO        -> new: Seteaza valoarea parolei de iesire in retea NetWordOUT2 in timpul executiei segm
2026-05-20 12:51:49,322  INFO      22604 0x402B:009 (Lenze_i550)  existing_len=0  qc=new
2026-05-20 12:51:49,488  INFO        -> new: Configureaza functia de intrare digitala pentru detectia trenului de impulsuri d
2026-05-20 12:51:49,589  INFO      22708 0x2631:025 (Lenze_i550)  existing_len=0  qc=new
2026-05-20 12:51:50,061  INFO        -> new: Afiseaza tipul interfetei de comunicare detectate de convertizor. Este un parame
2026-05-20 12:51:50,162  INFO      23216 0x1030:004 (Lenze_i550)  existing_len=0  qc=new
2026-05-20 12:51:51,666  INFO        -> new: Avertisment de suprasarcina a rezistorului de franare. Indicand ca puterea disip
2026-05-20 12:51:51,767  INFO      23421 0x187F (Lenze_i550)  existing_len=0  qc=new
2026-05-20 12:51:53,050  INFO        -> new: Defineste rata de transfer (baud rate) pentru comunicatia CANopen in loc de seta
2026-05-20 12:51:53,151  INFO      22912 0x2301:003 (Lenze_i550)  existing_len=0  qc=new
2026-05-20 12:51:53,568  INFO        -> new: Afiseaza octetul de date 15 din ultimul cadru Modbus receptionat. Este un parame
2026-05-20 12:51:53,669  INFO      23118 0x232E:016 (Lenze_i550)  existing_len=0  qc=new
2026-05-20 12:51:54,299  INFO        -> new: Stocheaza momentul exact (data si ora) la care a fost inregistrata o eroare in m
2026-05-20 12:51:54,400  INFO      23629 0x2007:003 (Lenze_i550)  existing_len=0  qc=new
2026-05-20 12:51:54,436  INFO        -> new: Activeaza functia de pompa asistenta 1 in cadrul controlului in cascada. Cand in
2026-05-20 12:51:54,474  INFO        -> new: Afiseaza numele specific aplicatiei setat de utilizator pentru identificarea con
2026-05-20 12:51:54,537  INFO      24293 0x2631:057 (Lenze_i550)  existing_len=0  qc=new
2026-05-20 12:51:54,552  INFO        -> new: Afiseaza timpul total cat unitatea de control a fost alimentata cu tensiune. Con
2026-05-20 12:51:54,575  INFO      23326 0x1801 (Lenze_i550)  existing_len=0  qc=new
2026-05-20 12:51:54,653  INFO      23529 0x2D81:004 (Lenze_i550)  existing_len=0  qc=new
2026-05-20 12:51:55,037  INFO        -> new: Afiseaza tensiunea curenta masurata la iesirea analogica X3/AO2. Este un paramet
2026-05-20 12:51:55,137  INFO      22814 0x2DAB:002 (Lenze_i550)  existing_len=0  qc=new
2026-05-20 12:51:55,637  INFO        -> new: Configureaza intrarea de mapare 7 pentru TPDO (A). Selecteaza ce parametru VFD v
2026-05-20 12:51:55,738  INFO      23014 0x1A05:008 (Lenze_i550)  existing_len=0  qc=new
2026-05-20 12:51:55,832  INFO        -> new: Afiseaza dimensiunea maxima a cadrului de date pentru interfata CANopen. Valoare
2026-05-20 12:51:55,933  INFO      23217 0x1030:005 (Lenze_i550)  existing_len=0  qc=new
2026-05-20 12:51:56,794  INFO        -> new: Defineste adresa unica a convertizorului de frecventa pe portul de comunicatie s
2026-05-20 12:51:56,894  INFO      3034 8-32 (Danfoss_VLT_FC302)  existing_len=0  qc=new
2026-05-20 12:51:56,909  INFO        -> new: Acest parametru este rezervat pentru utilizare viitoare de catre producator. Nu 
2026-05-20 12:51:57,010  INFO      22605 0x402C:001 (Lenze_i550)  existing_len=0  qc=new
2026-05-20 12:51:59,132  INFO        -> new: Acest parametru este doar pentru citire si afiseaza numarul total de cicluri de 
2026-05-20 12:51:59,145  INFO        -> new: Seteaza modul de functionare CANopen pentru invertor. Valoarea 1 permite inverto
2026-05-20 12:51:59,233  INFO      23530 0x2D81:005 (Lenze_i550)  existing_len=0  qc=new
2026-05-20 12:51:59,246  INFO      22913 0x2301:004 (Lenze_i550)  existing_len=0  qc=new
2026-05-20 12:51:59,822  INFO        -> new: Indică faptul că funcția de pornire automată este dezactivată. Această stare est
2026-05-20 12:51:59,861  INFO        -> new: Afiseaza ultimul byte de date receptionat prin interfata Modbus. Parametru de di
2026-05-20 12:51:59,923  INFO      23422 0x1880 (Lenze_i550)  existing_len=0  qc=new
2026-05-20 12:51:59,962  INFO      23119 0x232E:017 (Lenze_i550)  existing_len=0  qc=new
2026-05-20 12:52:00,729  INFO        -> new: Activeaza functia de crestere a referintei MOP (motor potentiometer) prin intrar
2026-05-20 12:52:00,830  INFO      22709 0x2631:026 (Lenze_i550)  existing_len=0  qc=new
2026-05-20 12:52:02,192  INFO        -> new: Afiseaza valoarea curenta a semnalului de iesire de la borna X3/AO2. Parametrul 
2026-05-20 12:52:02,293  INFO      22815 0x263A:001 (Lenze_i550)  existing_len=0  qc=new
2026-05-20 12:52:02,581  INFO        -> new: Acest fault indica o conditie de supracurent continuu la nivel intern al convert
2026-05-20 12:52:02,682  INFO      23327 0x1802 (Lenze_i550)  existing_len=0  qc=new
2026-05-20 12:52:03,324  INFO        -> new: Atribuie un trigger pentru activarea pompei aditionale 2 in functia cascade. Can
2026-05-20 12:52:03,391  INFO        -> new: Configurează intrarea 8 de mapare pentru TPDO (A) în comunicația CANopen. Select
2026-05-20 12:52:03,425  INFO      24294 0x2631:058 (Lenze_i550)  existing_len=0  qc=new
2026-05-20 12:52:03,492  INFO      23015 0x1A05:009 (Lenze_i550)  existing_len=0  qc=new
2026-05-20 12:52:03,820  INFO        -> new: Afiseaza adresa MAC a interfetei Ethernet. Acest parametru este doar pentru citi
2026-05-20 12:52:03,916  INFO        -> new: Afiseaza numarul total de cicluri de comutare ale releului de iesire. Este un pa
2026-05-20 12:52:03,920  INFO      23218 0x1030:006 (Lenze_i550)  existing_len=0  qc=new
2026-05-20 12:52:04,017  INFO      23531 0x2D81:006 (Lenze_i550)  existing_len=0  qc=new
2026-05-20 12:52:05,210  INFO        -> new: Afiseaza codul raspunsului sau actiunii corective inregistrate in memoria istori
2026-05-20 12:52:05,311  INFO      23630 0x2007:004 (Lenze_i550)  existing_len=0  qc=new
2026-05-20 12:52:05,995  INFO        -> new: Seteaza rata de transfer (viteza de comunicatie) pentru portul serial FC standar
2026-05-20 12:52:06,096  INFO      3035 8-35 (Danfoss_VLT_FC302)  existing_len=0  qc=new
2026-05-20 12:52:07,960  INFO        -> new: Afiseaza ultimul octet de date receptionat prin comunicatia Modbus. Este un para
2026-05-20 12:52:08,061  INFO      23120 0x232F:001 (Lenze_i550)  existing_len=0  qc=new
2026-05-20 12:52:08,324  INFO        -> new: Seteaza timpul de intarziere dupa conectarea retelei electrice inainte ca invert
2026-05-20 12:52:08,425  INFO      22914 0x1005 (Lenze_i550)  existing_len=0  qc=new
2026-05-20 12:52:08,825  INFO        -> new: Seteaza frecventa tinta pentru segmentul 7 al secventiatorului de viteza. Valoar
2026-05-20 12:52:08,926  INFO      22606 0x402C:002 (Lenze_i550)  existing_len=0  qc=new
2026-05-20 12:52:10,256  INFO        -> new: Defineste numele simbolic al interfetei Ethernet. Acest nume este folosit pentru
2026-05-20 12:52:10,357  INFO      23219 0x1030:007 (Lenze_i550)  existing_len=0  qc=new
2026-05-20 12:52:10,736  INFO        -> new: Defineste gama de iesire pentru convertorul analogic 2 (AO2). In configuratiile 
2026-05-20 12:52:10,837  INFO      22816 0x263A:002 (Lenze_i550)  existing_len=0  qc=new
2026-05-20 12:52:11,452  INFO        -> new: Indicator de stare care arata daca s-a detectat pierderea sarcinii motorului. Se
2026-05-20 12:52:11,553  INFO      23423 0x1881 (Lenze_i550)  existing_len=0  qc=new
2026-05-20 12:52:11,621  INFO        -> new: Atribuie o sursa de trigger pentru functia de resetare a timpului de functionare
2026-05-20 12:52:11,721  INFO      24295 0x405C:001 (Lenze_i550)  existing_len=0  qc=new
2026-05-20 12:52:11,799  INFO        -> new: Stocheaza ID-ul mesajului asociat unei erori inregistrate in buffer-ul de istori
2026-05-20 12:52:11,899  INFO      23631 0x2007:005 (Lenze_i550)  existing_len=0  qc=new
2026-05-20 12:52:11,919  INFO        -> new: Activeaza setpoint-urile de segment pentru functia de sequencer. Bitii 0-3 selec
2026-05-20 12:52:12,020  INFO      22710 0x2631:027 (Lenze_i550)  existing_len=0  qc=new
2026-05-20 12:52:12,817  INFO        -> new: Afiseaza numarul total de evenimente de scurtcircuit detectate in sistemul conve
2026-05-20 12:52:12,839  INFO        -> new: Aceasta eroare indica detectarea unui scurtcircuit sau scurgere de curent la pam
2026-05-20 12:52:12,917  INFO      23532 0x2D81:007 (Lenze_i550)  existing_len=0  qc=new
2026-05-20 12:52:12,940  INFO      23328 0x1803 (Lenze_i550)  existing_len=0  qc=new
2026-05-20 12:52:16,218  INFO        -> new: Defineste intrarea de mapare 9 pentru obiectul TPDO (A) de transmis. Selecteaza 
2026-05-20 12:52:16,319  INFO      23016 0x1A05:010 (Lenze_i550)  existing_len=0  qc=new
2026-05-20 12:52:17,757  INFO        -> new: Seteze intarzierea minima dintre primirea unei cereri si trimiterea unui raspuns
2026-05-20 12:52:17,858  INFO      3036 8-36 (Danfoss_VLT_FC302)  existing_len=0  qc=new
2026-05-20 12:52:17,868  INFO        -> new: Afiseaza starea operationala curenta a interfetei Ethernet. Este un parametru re
2026-05-20 12:52:17,950  INFO        -> new: Afiseaza codul de diagnostic al erorilor inregistrate in istoric. Este un parame
2026-05-20 12:52:17,968  INFO      23220 0x1030:008 (Lenze_i550)  existing_len=0  qc=new
2026-05-20 12:52:17,969  INFO        -> new: Selecteaza semnalul care va fi transmis la iesirea analogica 2. Poate fi viteza 
2026-05-20 12:52:18,027  INFO        -> new: Defineste timpul de accelerare si decelerare pentru segmentul 7 al secventiatoru
2026-05-20 12:52:18,051  INFO      23632 0x2007:006 (Lenze_i550)  existing_len=0  qc=new
2026-05-20 12:52:18,069  INFO      22817 0x263A:003 (Lenze_i550)  existing_len=0  qc=new
2026-05-20 12:52:18,128  INFO      22607 0x402C:003 (Lenze_i550)  existing_len=0  qc=new
2026-05-20 12:52:19,124  INFO        -> new: Afiseaza starea unui defect de scurtcircuit detectat la bornele motorului. Cand 
2026-05-20 12:52:19,225  INFO      23329 0x1804 (Lenze_i550)  existing_len=0  qc=new
2026-05-20 12:52:19,565  ERROR       Error 0x1030:008: Error code: 429 - {'type': 'error', 'error': {'type': 'rate_limit_error', 'message': 'The Token Plan is designed for individual, interactive developer workflows. Traffic is currently high—please retry shortly. For higher concurrency or automated workloads, consider upgrading to a higher-tier plan or using the pay-as-you-go API. (2062)'}, 'request_id': '065cb7535be8bf96b5fa667b5d17d062'}
2026-05-20 12:52:19,677  ERROR       Error 0x2007:006: Error code: 429 - {'type': 'error', 'error': {'type': 'rate_limit_error', 'message': 'The Token Plan is designed for individual, interactive developer workflows. Traffic is currently high—please retry shortly. For higher concurrency or automated workloads, consider upgrading to a higher-tier plan or using the pay-as-you-go API. (2062)'}, 'request_id': '065cb753b030b86f361d4a20b6315b4c'}
2026-05-20 12:52:19,788  ERROR       Error 0x402C:003: Error code: 429 - {'type': 'error', 'error': {'type': 'rate_limit_error', 'message': 'The Token Plan is designed for individual, interactive developer workflows. Traffic is currently high—please retry shortly. For higher concurrency or automated workloads, consider upgrading to a higher-tier plan or using the pay-as-you-go API. (2062)'}, 'request_id': '065cb753f8a04543b07dee8d4b5b3acc'}
2026-05-20 12:52:19,802  ERROR       Error 0x263A:003: Error code: 429 - {'type': 'error', 'error': {'type': 'rate_limit_error', 'message': 'The Token Plan is designed for individual, interactive developer workflows. Traffic is currently high—please retry shortly. For higher concurrency or automated workloads, consider upgrading to a higher-tier plan or using the pay-as-you-go API. (2062)'}, 'request_id': '065cb7537f0c297a692ba6cb389599e9'}
2026-05-20 12:52:19,916  INFO        -> new: Contorizeaza numarul total de defecte de impamantare detectate de convertizor de
2026-05-20 12:52:20,016  INFO      23533 0x2D81:008 (Lenze_i550)  existing_len=0  qc=new
2026-05-20 12:52:20,503  INFO        -> new: Seteaza offsetul pentru afisarea ultimului mesaj Modbus transmis (max. 16 octeti
2026-05-20 12:52:20,536  INFO        -> new: Activeaza setarea referintei de viteza pentru segmentul 4 fara a necesita o secv
2026-05-20 12:52:20,603  INFO      23121 0x232F:002 (Lenze_i550)  existing_len=0  qc=new
2026-05-20 12:52:20,636  INFO      22711 0x2631:028 (Lenze_i550)  existing_len=0  qc=new
2026-05-20 12:52:20,982  ERROR       Error 0x1804: Error code: 429 - {'type': 'error', 'error': {'type': 'rate_limit_error', 'message': 'The Token Plan is designed for individual, interactive developer workflows. Traffic is currently high—please retry shortly. For higher concurrency or automated workloads, consider upgrading to a higher-tier plan or using the pay-as-you-go API. (2062)'}, 'request_id': '065cb754e5eefc0c116537dd5a17910d'}
2026-05-20 12:52:21,360  INFO        -> new: Configureaza protectia termica a motorului impotriva suprasarcinii. Monitorizeaz
2026-05-20 12:52:21,454  INFO        -> new: Selecteaza modul de functionare pentru timpul de stabilizare a frecventei. Modul
2026-05-20 12:52:21,461  INFO      23424 0x1882 (Lenze_i550)  existing_len=0  qc=new
2026-05-20 12:52:21,554  INFO      24296 0x405C:002 (Lenze_i550)  existing_len=0  qc=new
2026-05-20 12:52:21,622  INFO        -> new: Defineste identificatorul pentru telegrama SYNC CANopen. Pentru modificare trebu
2026-05-20 12:52:21,722  INFO      22915 0x1006 (Lenze_i550)  existing_len=0  qc=new
2026-05-20 12:52:21,787  ERROR       Error 0x2D81:008: Error code: 429 - {'type': 'error', 'error': {'type': 'rate_limit_error', 'message': 'The Token Plan is designed for individual, interactive developer workflows. Traffic is currently high—please retry shortly. For higher concurrency or automated workloads, consider upgrading to a higher-tier plan or using the pay-as-you-go API. (2062)'}, 'request_id': '065cb755ae44e8db745b93d62589bdd1'}
2026-05-20 12:52:22,248  ERROR       Error 0x232F:002: Error code: 429 - {'type': 'error', 'error': {'type': 'rate_limit_error', 'message': 'The Token Plan is designed for individual, interactive developer workflows. Traffic is currently high—please retry shortly. For higher concurrency or automated workloads, consider upgrading to a higher-tier plan or using the pay-as-you-go API. (2062)'}, 'request_id': '065cb756bd19ebba515309091a5ba295'}
2026-05-20 12:52:22,351  ERROR       Error 0x2631:028: Error code: 429 - {'type': 'error', 'error': {'type': 'rate_limit_error', 'message': 'The Token Plan is designed for individual, interactive developer workflows. Traffic is currently high—please retry shortly. For higher concurrency or automated workloads, consider upgrading to a higher-tier plan or using the pay-as-you-go API. (2062)'}, 'request_id': '065cb7564913fe289282445471b124af'}
2026-05-20 12:52:23,285  ERROR       Error 0x1882: Error code: 429 - {'type': 'error', 'error': {'type': 'rate_limit_error', 'message': 'The Token Plan is designed for individual, interactive developer workflows. Traffic is currently high—please retry shortly. For higher concurrency or automated workloads, consider upgrading to a higher-tier plan or using the pay-as-you-go API. (2062)'}, 'request_id': '065cb757c94b1ad2d4a42256c3827176'}
2026-05-20 12:52:23,345  ERROR       Error 0x1030:008: Error code: 429 - {'type': 'error', 'error': {'type': 'rate_limit_error', 'message': 'The Token Plan is designed for individual, interactive developer workflows. Traffic is currently high—please retry shortly. For higher concurrency or automated workloads, consider upgrading to a higher-tier plan or using the pay-as-you-go API. (2062)'}, 'request_id': '065cb757a590b4532cb35cda20734e08'}
2026-05-20 12:52:23,347  ERROR       Error 0x402C:003: Error code: 429 - {'type': 'error', 'error': {'type': 'rate_limit_error', 'message': 'The Token Plan is designed for individual, interactive developer workflows. Traffic is currently high—please retry shortly. For higher concurrency or automated workloads, consider upgrading to a higher-tier plan or using the pay-as-you-go API. (2062)'}, 'request_id': '065cb7570fd90917564ea254bc84c160'}
2026-05-20 12:52:23,390  ERROR       Error 0x1006: Error code: 429 - {'type': 'error', 'error': {'type': 'rate_limit_error', 'message': 'The Token Plan is designed for individual, interactive developer workflows. Traffic is currently high—please retry shortly. For higher concurrency or automated workloads, consider upgrading to a higher-tier plan or using the pay-as-you-go API. (2062)'}, 'request_id': '065cb7578f088093a3d360aa754cedbf'}
2026-05-20 12:52:23,399  ERROR       Error 0x405C:002: Error code: 429 - {'type': 'error', 'error': {'type': 'rate_limit_error', 'message': 'The Token Plan is designed for individual, interactive developer workflows. Traffic is currently high—please retry shortly. For higher concurrency or automated workloads, consider upgrading to a higher-tier plan or using the pay-as-you-go API. (2062)'}, 'request_id': '065cb757f382e3e484d90e909b9908c9'}
2026-05-20 12:52:23,502  ERROR       Error 0x2007:006: Error code: 429 - {'type': 'error', 'error': {'type': 'rate_limit_error', 'message': 'The Token Plan is designed for individual, interactive developer workflows. Traffic is currently high—please retry shortly. For higher concurrency or automated workloads, consider upgrading to a higher-tier plan or using the pay-as-you-go API. (2062)'}, 'request_id': '065cb757204da19c65e56016a864619c'}
2026-05-20 12:52:23,575  ERROR       Error 0x263A:003: Error code: 429 - {'type': 'error', 'error': {'type': 'rate_limit_error', 'message': 'The Token Plan is designed for individual, interactive developer workflows. Traffic is currently high—please retry shortly. For higher concurrency or automated workloads, consider upgrading to a higher-tier plan or using the pay-as-you-go API. (2062)'}, 'request_id': '065cb7574f880554475ce1f7581584c3'}
2026-05-20 12:52:24,569  ERROR       Error 0x1804: Error code: 429 - {'type': 'error', 'error': {'type': 'rate_limit_error', 'message': 'The Token Plan is designed for individual, interactive developer workflows. Traffic is currently high—please retry shortly. For higher concurrency or automated workloads, consider upgrading to a higher-tier plan or using the pay-as-you-go API. (2062)'}, 'request_id': '065cb758ccf4c9ca75cb7d700f3e52ab'}
2026-05-20 12:52:25,511  ERROR       Error 0x2D81:008: Error code: 429 - {'type': 'error', 'error': {'type': 'rate_limit_error', 'message': 'The Token Plan is designed for individual, interactive developer workflows. Traffic is currently high—please retry shortly. For higher concurrency or automated workloads, consider upgrading to a higher-tier plan or using the pay-as-you-go API. (2062)'}, 'request_id': '065cb759375541afe06dce72291ed78c'}
2026-05-20 12:52:25,538  INFO        -> new: Seteaza timpul maxim de asteptare pentru primirea unui raspuns in comunicatia de
2026-05-20 12:52:25,638  INFO      3037 8-37 (Danfoss_VLT_FC302)  existing_len=0  qc=new
2026-05-20 12:52:25,997  ERROR       Error 0x232F:002: Error code: 429 - {'type': 'error', 'error': {'type': 'rate_limit_error', 'message': 'The Token Plan is designed for individual, interactive developer workflows. Traffic is currently high—please retry shortly. For higher concurrency or automated workloads, consider upgrading to a higher-tier plan or using the pay-as-you-go API. (2062)'}, 'request_id': '065cb7597e8c93c692691bd24f7da661'}
2026-05-20 12:52:26,105  ERROR       Error 0x2631:028: Error code: 429 - {'type': 'error', 'error': {'type': 'rate_limit_error', 'message': 'The Token Plan is designed for individual, interactive developer workflows. Traffic is currently high—please retry shortly. For higher concurrency or automated workloads, consider upgrading to a higher-tier plan or using the pay-as-you-go API. (2062)'}, 'request_id': '065cb75a6d2df9c2e8768f593f6f2250'}
2026-05-20 12:52:27,034  ERROR       Error 0x1882: Error code: 429 - {'type': 'error', 'error': {'type': 'rate_limit_error', 'message': 'The Token Plan is designed for individual, interactive developer workflows. Traffic is currently high—please retry shortly. For higher concurrency or automated workloads, consider upgrading to a higher-tier plan or using the pay-as-you-go API. (2062)'}, 'request_id': '065cb75acb8ab3cbdf3a21b0efac0b9f'}
2026-05-20 12:52:27,116  ERROR       Error 0x405C:002: Error code: 429 - {'type': 'error', 'error': {'type': 'rate_limit_error', 'message': 'The Token Plan is designed for individual, interactive developer workflows. Traffic is currently high—please retry shortly. For higher concurrency or automated workloads, consider upgrading to a higher-tier plan or using the pay-as-you-go API. (2062)'}, 'request_id': '065cb75b53fc9947877251201db9ef6a'}
2026-05-20 12:52:27,124  ERROR       Error 0x1006: Error code: 429 - {'type': 'error', 'error': {'type': 'rate_limit_error', 'message': 'The Token Plan is designed for individual, interactive developer workflows. Traffic is currently high—please retry shortly. For higher concurrency or automated workloads, consider upgrading to a higher-tier plan or using the pay-as-you-go API. (2062)'}, 'request_id': '065cb75beff6e35ff5e7d4ab452ee797'}
2026-05-20 12:52:27,293  ERROR       Error 8-37: Error code: 429 - {'type': 'error', 'error': {'type': 'rate_limit_error', 'message': 'The Token Plan is designed for individual, interactive developer workflows. Traffic is currently high—please retry shortly. For higher concurrency or automated workloads, consider upgrading to a higher-tier plan or using the pay-as-you-go API. (2062)'}, 'request_id': '065cb75bce139d098c6e1d01d601a8a3'}
2026-05-20 12:52:27,959  INFO        -> new: Selecteaza obiectul CANopen care va fi transmis prin TPDO (A). Formatul 0xiiiiss
2026-05-20 12:52:28,060  INFO      23017 0x1A05:011 (Lenze_i550)  existing_len=0  qc=new
2026-05-20 12:52:28,981  ERROR       Error 0x402C:003: Error code: 429 - {'type': 'error', 'error': {'type': 'rate_limit_error', 'message': 'The Token Plan is designed for individual, interactive developer workflows. Traffic is currently high—please retry shortly. For higher concurrency or automated workloads, consider upgrading to a higher-tier plan or using the pay-as-you-go API. (2062)'}, 'request_id': '065cb75cfa3cb4b3c52509d8e3c7be27'}
2026-05-20 12:52:29,139  ERROR       Error 0x1030:008: Error code: 429 - {'type': 'error', 'error': {'type': 'rate_limit_error', 'message': 'The Token Plan is designed for individual, interactive developer workflows. Traffic is currently high—please retry shortly. For higher concurrency or automated workloads, consider upgrading to a higher-tier plan or using the pay-as-you-go API. (2062)'}, 'request_id': '065cb75d9089d3755b6a74c22bf454b9'}
2026-05-20 12:52:29,145  ERROR       Error 0x263A:003: Error code: 429 - {'type': 'error', 'error': {'type': 'rate_limit_error', 'message': 'The Token Plan is designed for individual, interactive developer workflows. Traffic is currently high—please retry shortly. For higher concurrency or automated workloads, consider upgrading to a higher-tier plan or using the pay-as-you-go API. (2062)'}, 'request_id': '065cb75dfa2fe0abd15ddcbf8c404113'}
2026-05-20 12:52:29,346  ERROR       Error 0x2007:006: Error code: 429 - {'type': 'error', 'error': {'type': 'rate_limit_error', 'message': 'The Token Plan is designed for individual, interactive developer workflows. Traffic is currently high—please retry shortly. For higher concurrency or automated workloads, consider upgrading to a higher-tier plan or using the pay-as-you-go API. (2062)'}, 'request_id': '065cb75d2e01044a63a27feb49d4d6b1'}
2026-05-20 12:52:29,754  ERROR       Error 0x1A05:011: Error code: 429 - {'type': 'error', 'error': {'type': 'rate_limit_error', 'message': 'The Token Plan is designed for individual, interactive developer workflows. Traffic is currently high—please retry shortly. For higher concurrency or automated workloads, consider upgrading to a higher-tier plan or using the pay-as-you-go API. (2062)'}, 'request_id': '065cb75dfd4c3d38f98e5372084af9d1'}
2026-05-20 12:52:30,188  ERROR       Error 0x1804: Error code: 429 - {'type': 'error', 'error': {'type': 'rate_limit_error', 'message': 'The Token Plan is designed for individual, interactive developer workflows. Traffic is currently high—please retry shortly. For higher concurrency or automated workloads, consider upgrading to a higher-tier plan or using the pay-as-you-go API. (2062)'}, 'request_id': '065cb75ec891a5a154d73d1fbd24a8ab'}
2026-05-20 12:52:31,122  ERROR       Error 8-37: Error code: 429 - {'type': 'error', 'error': {'type': 'rate_limit_error', 'message': 'The Token Plan is designed for individual, interactive developer workflows. Traffic is currently high—please retry shortly. For higher concurrency or automated workloads, consider upgrading to a higher-tier plan or using the pay-as-you-go API. (2062)'}, 'request_id': '065cb75f51f95d46ab69a4b850e1ede9'}
2026-05-20 12:52:31,245  ERROR       Error 0x2D81:008: Error code: 429 - {'type': 'error', 'error': {'type': 'rate_limit_error', 'message': 'The Token Plan is designed for individual, interactive developer workflows. Traffic is currently high—please retry shortly. For higher concurrency or automated workloads, consider upgrading to a higher-tier plan or using the pay-as-you-go API. (2062)'}, 'request_id': '065cb75f6bccc926c883dfa8e2539556'}
2026-05-20 12:52:31,607  ERROR       Error 0x232F:002: Error code: 429 - {'type': 'error', 'error': {'type': 'rate_limit_error', 'message': 'The Token Plan is designed for individual, interactive developer workflows. Traffic is currently high—please retry shortly. For higher concurrency or automated workloads, consider upgrading to a higher-tier plan or using the pay-as-you-go API. (2062)'}, 'request_id': '065cb75fd20a10925fbf2d44e6bb078f'}
2026-05-20 12:52:31,716  ERROR       Error 0x2631:028: Error code: 429 - {'type': 'error', 'error': {'type': 'rate_limit_error', 'message': 'The Token Plan is designed for individual, interactive developer workflows. Traffic is currently high—please retry shortly. For higher concurrency or automated workloads, consider upgrading to a higher-tier plan or using the pay-as-you-go API. (2062)'}, 'request_id': '065cb75f710b2f0509685fbbbaa1afdb'}
2026-05-20 12:52:32,756  ERROR       Error 0x1882: Error code: 429 - {'type': 'error', 'error': {'type': 'rate_limit_error', 'message': 'The Token Plan is designed for individual, interactive developer workflows. Traffic is currently high—please retry shortly. For higher concurrency or automated workloads, consider upgrading to a higher-tier plan or using the pay-as-you-go API. (2062)'}, 'request_id': '065cb760b8b021f0368d3f1e986cdfa1'}
2026-05-20 12:52:32,807  ERROR       Error 0x405C:002: Error code: 429 - {'type': 'error', 'error': {'type': 'rate_limit_error', 'message': 'The Token Plan is designed for individual, interactive developer workflows. Traffic is currently high—please retry shortly. For higher concurrency or automated workloads, consider upgrading to a higher-tier plan or using the pay-as-you-go API. (2062)'}, 'request_id': '065cb7605ecc9f311f850090544c5a19'}
2026-05-20 12:52:32,925  ERROR       Error 0x1006: Error code: 429 - {'type': 'error', 'error': {'type': 'rate_limit_error', 'message': 'The Token Plan is designed for individual, interactive developer workflows. Traffic is currently high—please retry shortly. For higher concurrency or automated workloads, consider upgrading to a higher-tier plan or using the pay-as-you-go API. (2062)'}, 'request_id': '065cb7609625041ba115b0b15580df5e'}
2026-05-20 12:52:33,385  ERROR       Error 0x1A05:011: Error code: 429 - {'type': 'error', 'error': {'type': 'rate_limit_error', 'message': 'The Token Plan is designed for individual, interactive developer workflows. Traffic is currently high—please retry shortly. For higher concurrency or automated workloads, consider upgrading to a higher-tier plan or using the pay-as-you-go API. (2062)'}, 'request_id': '065cb76112dc93b095b40c30d5bfe52d'}
2026-05-20 12:52:34,982  INFO      22608 0x402C:004 (Lenze_i550)  existing_len=0  qc=new
2026-05-20 12:52:35,140  INFO      23221 0x1030:009 (Lenze_i550)  existing_len=0  qc=new
2026-05-20 12:52:35,145  INFO      22818 0x263A:004 (Lenze_i550)  existing_len=0  qc=new
2026-05-20 12:52:35,346  INFO      23633 0x2007:007 (Lenze_i550)  existing_len=0  qc=new
2026-05-20 12:52:36,189  INFO      23330 0x1805 (Lenze_i550)  existing_len=0  qc=new
2026-05-20 12:52:36,825  ERROR       Error 8-37: Error code: 429 - {'type': 'error', 'error': {'type': 'rate_limit_error', 'message': 'The Token Plan is designed for individual, interactive developer workflows. Traffic is currently high—please retry shortly. For higher concurrency or automated workloads, consider upgrading to a higher-tier plan or using the pay-as-you-go API. (2062)'}, 'request_id': '065cb764190db8b8a523d32c60240d8b'}
2026-05-20 12:52:37,138  ERROR       Error 0x402C:004: Error code: 429 - {'type': 'error', 'error': {'type': 'rate_limit_error', 'message': 'The Token Plan is designed for individual, interactive developer workflows. Traffic is currently high—please retry shortly. For higher concurrency or automated workloads, consider upgrading to a higher-tier plan or using the pay-as-you-go API. (2062)'}, 'request_id': '065cb765aa059bf18fa5d2b32faa7f1d'}
2026-05-20 12:52:37,186  ERROR       Error 0x263A:004: Error code: 429 - {'type': 'error', 'error': {'type': 'rate_limit_error', 'message': 'The Token Plan is designed for individual, interactive developer workflows. Traffic is currently high—please retry shortly. For higher concurrency or automated workloads, consider upgrading to a higher-tier plan or using the pay-as-you-go API. (2062)'}, 'request_id': '065cb765b4c09678d7f8fec889c8cb4e'}
2026-05-20 12:52:37,245  INFO      23534 0x2D81:009 (Lenze_i550)  existing_len=0  qc=new
2026-05-20 12:52:37,328  ERROR       Error 0x1030:009: Error code: 429 - {'type': 'error', 'error': {'type': 'rate_limit_error', 'message': 'The Token Plan is designed for individual, interactive developer workflows. Traffic is currently high—please retry shortly. For higher concurrency or automated workloads, consider upgrading to a higher-tier plan or using the pay-as-you-go API. (2062)'}, 'request_id': '065cb7651f96ccd72c789b081d96f1ec'}
2026-05-20 12:52:37,607  INFO      23122 0x232F:003 (Lenze_i550)  existing_len=0  qc=new
2026-05-20 12:52:37,610  ERROR       Error 0x2007:007: Error code: 429 - {'type': 'error', 'error': {'type': 'rate_limit_error', 'message': 'The Token Plan is designed for individual, interactive developer workflows. Traffic is currently high—please retry shortly. For higher concurrency or automated workloads, consider upgrading to a higher-tier plan or using the pay-as-you-go API. (2062)'}, 'request_id': '065cb765e17dbe1de10d84b696cef7c6'}
2026-05-20 12:52:37,717  INFO      22712 0x2631:029 (Lenze_i550)  existing_len=0  qc=new
2026-05-20 12:52:38,244  ERROR       Error 0x1805: Error code: 429 - {'type': 'error', 'error': {'type': 'rate_limit_error', 'message': 'The Token Plan is designed for individual, interactive developer workflows. Traffic is currently high—please retry shortly. For higher concurrency or automated workloads, consider upgrading to a higher-tier plan or using the pay-as-you-go API. (2062)'}, 'request_id': '065cb766ddb6483ac5fe9b3e8911ad14'}
2026-05-20 12:52:38,757  INFO      23428 0x1883 (Lenze_i550)  existing_len=0  qc=new
2026-05-20 12:52:38,807  INFO      24297 0x405C:005 (Lenze_i550)  existing_len=0  qc=new
2026-05-20 12:52:38,925  INFO      22916 0x1400:005 (Lenze_i550)  existing_len=0  qc=new
2026-05-20 12:52:39,120  ERROR       Error 0x1A05:011: Error code: 429 - {'type': 'error', 'error': {'type': 'rate_limit_error', 'message': 'The Token Plan is designed for individual, interactive developer workflows. Traffic is currently high—please retry shortly. For higher concurrency or automated workloads, consider upgrading to a higher-tier plan or using the pay-as-you-go API. (2062)'}, 'request_id': '065cb767d0f4ababd78c4db5aacf23fa'}
2026-05-20 12:52:39,213  ERROR       Error 0x2D81:009: Error code: 429 - {'type': 'error', 'error': {'type': 'rate_limit_error', 'message': 'The Token Plan is designed for individual, interactive developer workflows. Traffic is currently high—please retry shortly. For higher concurrency or automated workloads, consider upgrading to a higher-tier plan or using the pay-as-you-go API. (2062)'}, 'request_id': '065cb767be71ee62053857c8710d9e08'}
2026-05-20 12:52:39,776  ERROR       Error 0x232F:003: Error code: 429 - {'type': 'error', 'error': {'type': 'rate_limit_error', 'message': 'The Token Plan is designed for individual, interactive developer workflows. Traffic is currently high—please retry shortly. For higher concurrency or automated workloads, consider upgrading to a higher-tier plan or using the pay-as-you-go API. (2062)'}, 'request_id': '065cb767260902e04a9e5e07b7d73550'}
2026-05-20 12:52:39,918  ERROR       Error 0x2631:029: Error code: 429 - {'type': 'error', 'error': {'type': 'rate_limit_error', 'message': 'The Token Plan is designed for individual, interactive developer workflows. Traffic is currently high—please retry shortly. For higher concurrency or automated workloads, consider upgrading to a higher-tier plan or using the pay-as-you-go API. (2062)'}, 'request_id': '065cb767346dcc465f4084f744f3b219'}
2026-05-20 12:52:42,826  INFO      3038 15-00 (Danfoss_VLT_FC302)  existing_len=0  qc=new
2026-05-20 12:52:45,121  INFO      23018 0x1A05:012 (Lenze_i550)  existing_len=0  qc=new
2026-05-20 12:52:46,229  INFO        -> new: Activeaza validarea descrierii de interfata CANopen. Pune pe 1 pentru a activa g
2026-05-20 12:52:46,329  INFO      23222 0x1E40:001 (Lenze_i550)  existing_len=0  qc=new
2026-05-20 12:52:46,669  INFO        -> new: Stocheaza numarul mesajului IO-Link asociat cu erorile inregistrate in istoricul
2026-05-20 12:52:46,770  INFO      23634 0x2030 (Lenze_i550)  existing_len=0  qc=new
2026-05-20 12:52:47,091  INFO        -> new: Afiseaza ultimul octet de date transmis prin interfata Modbus. Este un parametru
2026-05-20 12:52:47,191  INFO      23123 0x232F:004 (Lenze_i550)  existing_len=0  qc=new
2026-05-20 12:52:47,487  INFO        -> new: Afiseaza sursa activa a referintei de viteza sau proces. Arata ce intrare este f
2026-05-20 12:52:47,587  INFO      22713 0x2919 (Lenze_i550)  existing_len=0  qc=new
2026-05-20 12:52:49,374  INFO        -> new: Defineste valoarea semnalului care corespunde valorii maxime la iesirea analogic
2026-05-20 12:52:49,475  INFO      22819 0x400E:001 (Lenze_i550)  existing_len=0  qc=new
2026-05-20 12:52:50,265  INFO        -> new: Acest parametru inregistreaza incercarile de autentificare esuate cu parola inco
2026-05-20 12:52:50,365  INFO      23429 0x1884 (Lenze_i550)  existing_len=0  qc=new
2026-05-20 12:52:51,033  INFO        -> new: Acest defect semnaleaza depasirea pragului de utilizare termica a convertizorulu
2026-05-20 12:52:51,133  INFO      23331 0x1806 (Lenze_i550)  existing_len=0  qc=new
2026-05-20 12:52:51,357  INFO        -> new: Afiseaza timpul total de functionare a ventilatorului intern de racire al invert
2026-05-20 12:52:51,388  INFO        -> new: Seteaza timpul de asteptare dupa pornirea sau oprirea unei pompe inainte ca urma
2026-05-20 12:52:51,425  INFO        -> new: Seteaza starile iefirilor digitale in timpul segmentului 7 al secventiatorului. 
2026-05-20 12:52:51,458  INFO      23535 0x2006:000 (Lenze_i550)  existing_len=0  qc=new
2026-05-20 12:52:51,489  INFO      24298 0x405C:006 (Lenze_i550)  existing_len=0  qc=new
2026-05-20 12:52:51,525  INFO      22609 0x402C:005 (Lenze_i550)  existing_len=0  qc=new
2026-05-20 12:52:52,095  INFO        -> new: Afiseaza indicele LF care identifica in mod clar interfata Ethernet. Este un par
2026-05-20 12:52:52,114  INFO        -> new: Seteaza timpul de timeout pentru monitorizarea receptiei datelor prin RPDO1. Cu 
2026-05-20 12:52:52,196  INFO      23223 0x1E40:002 (Lenze_i550)  existing_len=0  qc=new
2026-05-20 12:52:52,215  INFO      22917 0x1401:001 (Lenze_i550)  existing_len=0  qc=new
2026-05-20 12:52:52,546  INFO        -> new: Afiseaza numarul total de ore de functionare ale convertizorului de frecventa. V
2026-05-20 12:52:52,646  INFO      3039 15-05 (Danfoss_VLT_FC302)  existing_len=0  qc=new
2026-05-20 12:52:54,467  INFO        -> new: Selecteaza obiectul CANopen care va fi transmis in intrarea 12 a TPDO6. Formatul
2026-05-20 12:52:54,568  INFO      23019 0x1A05:013 (Lenze_i550)  existing_len=0  qc=new
2026-05-20 12:52:56,232  INFO        -> new: Acest parametru afiseaza avertismentele active in format bit-codat. Fiecare bit 
2026-05-20 12:52:56,333  INFO      23430 0x1885 (Lenze_i550)  existing_len=0  qc=new
2026-05-20 12:52:56,427  INFO        -> new: Afiseaza suma de control CRC pe 32 de biti pentru verificarea integritatii setul
2026-05-20 12:52:56,527  INFO      23635 0x2B0B (Lenze_i550)  existing_len=0  qc=new
2026-05-20 12:52:57,482  INFO        -> new: Defineste timpul de accelerare pentru modificarile referintei MOP (Motor Operati
2026-05-20 12:52:57,583  INFO      22714 0x291A (Lenze_i550)  existing_len=0  qc=new
2026-05-20 12:52:57,770  INFO        -> new: Afiseaza pe keypad istoricul erorilor si memoriile de defectiuni inregistrate de
2026-05-20 12:52:57,870  INFO      23536 0x2000:001 (Lenze_i550)  existing_len=0  qc=new
2026-05-20 12:52:58,567  INFO        -> new: Afiseaza adresa IP curenta a interfetei Ethernet integrate in convertizor. Este 
2026-05-20 12:52:58,667  INFO      23224 0x1E40:003 (Lenze_i550)  existing_len=0  qc=new
2026-05-20 12:52:58,703  INFO        -> new: Reprezinta diagnosticul pentru ultimul byte de date transmis (Tx) in comunicatia
2026-05-20 12:52:58,746  INFO        -> new: Contorizeaza numarul total de evenimente de supratensiune detectate de convertor
2026-05-20 12:52:58,804  INFO      23124 0x232F:005 (Lenze_i550)  existing_len=0  qc=new
2026-05-20 12:52:58,847  INFO      3040 15-20 (Danfoss_VLT_FC302)  existing_len=0  qc=new
2026-05-20 12:52:59,077  INFO        -> new: Seteaza tensiunea de iesire analogica in volti in timpul executiei segmentului 7
2026-05-20 12:52:59,178  INFO      22610 0x402C:006 (Lenze_i550)  existing_len=0  qc=new
2026-05-20 12:52:59,572  INFO        -> new: Avertizare care indica faptul ca utilizarea termica a convertizorului de frecven
2026-05-20 12:52:59,673  INFO      23332 0x1807 (Lenze_i550)  existing_len=0  qc=new
2026-05-20 12:53:00,985  INFO        -> new: Defineste functia care este declansata de bitul 0 al cuvantului de retea NetWord
2026-05-20 12:53:01,086  INFO      22820 0x400E:002 (Lenze_i550)  existing_len=0  qc=new
2026-05-20 12:53:01,404  INFO        -> new: Defineste identificatorul COB-ID pentru RPDO2 (Receive PDO2). COB-ID stabileste 
2026-05-20 12:53:01,504  INFO      22918 0x1401:002 (Lenze_i550)  existing_len=0  qc=new
2026-05-20 12:53:02,952  INFO        -> new: Acest parametru afiseaza un cod de eroare fatala a sistemului. Valoarea 465395 i
2026-05-20 12:53:03,052  INFO      23431 0x1886 (Lenze_i550)  existing_len=0  qc=new
2026-05-20 12:53:03,128  INFO        -> new: Defineste timpul de intarziere intre pornirea sau oprirea pompelor intr-o config
2026-05-20 12:53:03,228  INFO      24299 0x405C:007 (Lenze_i550)  existing_len=0  qc=new
2026-05-20 12:53:04,075  INFO        -> new: Afiseaza ultimul byte de date transmis prin Modbus RTU. Folosit pentru depanarea
2026-05-20 12:53:04,176  INFO      23125 0x232F:006 (Lenze_i550)  existing_len=0  qc=new
2026-05-20 12:53:04,594  INFO        -> new: Seteaza timpul de decelerare pentru schimbarile referintei MOP (potentiometru mo
2026-05-20 12:53:04,695  INFO      22715 0x291B (Lenze_i550)  existing_len=0  qc=new
2026-05-20 12:53:05,040  INFO        -> new: Configureaza intrarea de mapare 13 pentru TPDO (A) in configuratia libera. Selec
2026-05-20 12:53:05,095  INFO        -> new: Afiseaza codul de produs al dispozitivului complet, de exemplu "I55AE155D10V1001
2026-05-20 12:53:05,141  INFO      23020 0x1A05:014 (Lenze_i550)  existing_len=0  qc=new
2026-05-20 12:53:05,196  INFO      23537 0x2000:002 (Lenze_i550)  existing_len=0  qc=new
2026-05-20 12:53:05,359  INFO        -> new: Vizualizeaza tipul evenimentelor inregistrate in jurnalul istoric. Fiecare cod n
2026-05-20 12:53:05,459  INFO      3041 15-22 (Danfoss_VLT_FC302)  existing_len=0  qc=new
2026-05-20 12:53:08,365  INFO        -> new: Afiseaza valoarea frecventei setpoint dupa procesarea prin rampa de accelerare/d
2026-05-20 12:53:08,465  INFO      23636 0x2B0F (Lenze_i550)  existing_len=0  qc=new
2026-05-20 12:53:08,681  INFO        -> new: Afiseaza masca de subretea a interfetei Ethernet. Aceasta defineste care parte a
2026-05-20 12:53:08,782  INFO      23225 0x1E40:004 (Lenze_i550)  existing_len=0  qc=new
2026-05-20 12:53:09,005  INFO        -> new: Seteaza valoarea setpoint-ului PID pentru segmentul 7 al sequencer-ului. Aceasta
2026-05-20 12:53:09,039  INFO        -> new: Seteaza pragul minim de frecventa pentru functionarea in cascada a pompelor. Can
2026-05-20 12:53:09,105  INFO      22611 0x402C:007 (Lenze_i550)  existing_len=0  qc=new
2026-05-20 12:53:09,140  INFO      24300 0x405C:009 (Lenze_i550)  existing_len=0  qc=new
2026-05-20 12:53:09,644  INFO        -> new: Seteaza pragul de frecventa pentru comutarea automata de la rampa 1 la rampa 2. 
2026-05-20 12:53:09,744  INFO      22716 0x2631:039 (Lenze_i550)  existing_len=0  qc=new
2026-05-20 12:53:10,549  INFO        -> new: Seteaza tipul de transmisie pentru RPDO2 conform standardului CANopen DS301 V4.0
2026-05-20 12:53:10,649  INFO      22919 0x1401:005 (Lenze_i550)  existing_len=0  qc=new
2026-05-20 12:53:11,516  INFO        -> new: Contine numarul de serie unic al dispozitivului complet, inclusiv unitatea de co
2026-05-20 12:53:11,617  INFO      23538 0x2000:004 (Lenze_i550)  existing_len=0  qc=new
2026-05-20 12:53:11,666  INFO        -> new: Afiseaza timpul la care a survenit evenimentul inregistrat in log. Timpul este m
2026-05-20 12:53:11,767  INFO      3042 15-03 (Danfoss_VLT_FC302)  existing_len=0  qc=new
2026-05-20 12:53:11,836  INFO        -> new: Afiseaza ultimul octet de date transmis prin comunicatia Modbus. Este un paramet
2026-05-20 12:53:11,936  INFO      23126 0x232F:007 (Lenze_i550)  existing_len=0  qc=new
2026-05-20 12:53:12,861  INFO        -> new: Configureaza intrarea de mapare 14 pentru TPDO (A) utilizator. Selecteaza obiect
2026-05-20 12:53:12,961  INFO      23021 0x1A05:015 (Lenze_i550)  existing_len=0  qc=new
2026-05-20 12:53:13,095  INFO        -> new: Acest cod reprezinta o eroare fatala a unitatii de putere a convertizorului de f
2026-05-20 12:53:13,195  INFO      23432 0x1888 (Lenze_i550)  existing_len=0  qc=new
2026-05-20 12:53:13,407  INFO        -> new: Aceasta alerta indica faptul ca functia de clamping (clema) a fost activata de p
2026-05-20 12:53:13,507  INFO      23333 0x1808 (Lenze_i550)  existing_len=0  qc=new
2026-05-20 12:53:13,936  INFO        -> new: Afiseaza dimensiunea maxima a cadrului care poate fi reconstruita din cadre frag
2026-05-20 12:53:14,037  INFO      23226 0x1E40:005 (Lenze_i550)  existing_len=0  qc=new
2026-05-20 12:53:14,202  INFO        -> new: Seteaza durata de functionare dupa care pompa selectata automat devine principal
2026-05-20 12:53:14,219  INFO        -> new: Defineste functia care este activata prin bitul 1 al cuvantului de intrare de re
2026-05-20 12:53:14,303  INFO      24301 0x405C:010 (Lenze_i550)  existing_len=0  qc=new
2026-05-20 12:53:14,320  INFO      22821 0x400E:003 (Lenze_i550)  existing_len=0  qc=new
2026-05-20 12:53:16,036  INFO        -> new: Seteaza timpul de supraveghere pentru receptia datelor RPDO2. Daca nu se recepti
2026-05-20 12:53:16,054  INFO        -> new: Afiseaza frecventa actuala de iesire a motorului. Valoarea este calculata ca fre
2026-05-20 12:53:16,084  ERROR       Error 0x405C:010: Error code: 429 - {'type': 'error', 'error': {'type': 'rate_limit_error', 'message': 'The Token Plan is designed for individual, interactive developer workflows. Traffic is currently high—please retry shortly. For higher concurrency or automated workloads, consider upgrading to a higher-tier plan or using the pay-as-you-go API. (2062)'}, 'request_id': '065cb78c1ea8160e000a5374026b591a'}
2026-05-20 12:53:16,137  INFO      22920 0x1402:001 (Lenze_i550)  existing_len=0  qc=new
2026-05-20 12:53:16,151  ERROR       Error 0x400E:003: Error code: 429 - {'type': 'error', 'error': {'type': 'rate_limit_error', 'message': 'The Token Plan is designed for individual, interactive developer workflows. Traffic is currently high—please retry shortly. For higher concurrency or automated workloads, consider upgrading to a higher-tier plan or using the pay-as-you-go API. (2062)'}, 'request_id': '065cb78ce45d1737d318abc861a9c94b'}
2026-05-20 12:53:16,155  INFO      23637 0x2DD1:001 (Lenze_i550)  existing_len=0  qc=new
2026-05-20 12:53:16,590  INFO        -> new: Parametru de diagnosticare Modbus care afiseaza ultimul octet de date transmis. 
2026-05-20 12:53:16,691  INFO      23127 0x232F:008 (Lenze_i550)  existing_len=0  qc=new
2026-05-20 12:53:16,801  INFO        -> new: Atribuie un semnal de intrare digitala pentru activarea rampei 2. Cand semnalul 
2026-05-20 12:53:16,902  INFO      22717 0x291E:003 (Lenze_i550)  existing_len=0  qc=new
2026-05-20 12:53:16,967  INFO        -> new: Afiseaza versiunea firmware-ului unitatii de control. Este un parametru read-onl
2026-05-20 12:53:17,068  INFO      23539 0x2000:005 (Lenze_i550)  existing_len=0  qc=new
2026-05-20 12:53:17,527  INFO        -> new: Contorizeaza de cate ori convertorul de frecventa a fost alimentat. Este un para
2026-05-20 12:53:17,627  INFO      3043 15-04 (Danfoss_VLT_FC302)  existing_len=0  qc=new
2026-05-20 12:53:17,785  ERROR       Error 0x2DD1:001: Error code: 429 - {'type': 'error', 'error': {'type': 'rate_limit_error', 'message': 'The Token Plan is designed for individual, interactive developer workflows. Traffic is currently high—please retry shortly. For higher concurrency or automated workloads, consider upgrading to a higher-tier plan or using the pay-as-you-go API. (2062)'}, 'request_id': '065cb78dae8f3c326618233b4cc51b1a'}
2026-05-20 12:53:17,842  INFO        -> new: Defineste referinta de cuplu pentru segmentul 7 al secventiatorului. Functioneaz
2026-05-20 12:53:17,942  INFO      22612 0x402C:008 (Lenze_i550)  existing_len=0  qc=new
2026-05-20 12:53:17,944  ERROR       Error 0x1402:001: Error code: 429 - {'type': 'error', 'error': {'type': 'rate_limit_error', 'message': 'The Token Plan is designed for individual, interactive developer workflows. Traffic is currently high—please retry shortly. For higher concurrency or automated workloads, consider upgrading to a higher-tier plan or using the pay-as-you-go API. (2062)'}, 'request_id': '065cb78dd2a9bcae93520b2089fcaa53'}
2026-05-20 12:53:18,401  ERROR       Error 0x232F:008: Error code: 429 - {'type': 'error', 'error': {'type': 'rate_limit_error', 'message': 'The Token Plan is designed for individual, interactive developer workflows. Traffic is currently high—please retry shortly. For higher concurrency or automated workloads, consider upgrading to a higher-tier plan or using the pay-as-you-go API. (2062)'}, 'request_id': '065cb78e64a48b6d7c958ea46728f6a6'}
2026-05-20 12:53:18,658  ERROR       Error 0x291E:003: Error code: 429 - {'type': 'error', 'error': {'type': 'rate_limit_error', 'message': 'The Token Plan is designed for individual, interactive developer workflows. Traffic is currently high—please retry shortly. For higher concurrency or automated workloads, consider upgrading to a higher-tier plan or using the pay-as-you-go API. (2062)'}, 'request_id': '065cb78e05f8d104e6a8b2f445b5aa54'}
2026-05-20 12:53:18,688  ERROR       Error 0x2000:005: Error code: 429 - {'type': 'error', 'error': {'type': 'rate_limit_error', 'message': 'The Token Plan is designed for individual, interactive developer workflows. Traffic is currently high—please retry shortly. For higher concurrency or automated workloads, consider upgrading to a higher-tier plan or using the pay-as-you-go API. (2062)'}, 'request_id': '065cb78e96c34c6693ce7e7562eaed56'}
2026-05-20 12:53:19,240  ERROR       Error 15-04: Error code: 429 - {'type': 'error', 'error': {'type': 'rate_limit_error', 'message': 'The Token Plan is designed for individual, interactive developer workflows. Traffic is currently high—please retry shortly. For higher concurrency or automated workloads, consider upgrading to a higher-tier plan or using the pay-as-you-go API. (2062)'}, 'request_id': '065cb78ffba5e0937074a3d268f79d20'}
2026-05-20 12:53:19,782  ERROR       Error 0x400E:003: Error code: 429 - {'type': 'error', 'error': {'type': 'rate_limit_error', 'message': 'The Token Plan is designed for individual, interactive developer workflows. Traffic is currently high—please retry shortly. For higher concurrency or automated workloads, consider upgrading to a higher-tier plan or using the pay-as-you-go API. (2062)'}, 'request_id': '065cb78fb29577a8ee9830fcd9728cfe'}
2026-05-20 12:53:19,798  ERROR       Error 0x402C:008: Error code: 429 - {'type': 'error', 'error': {'type': 'rate_limit_error', 'message': 'The Token Plan is designed for individual, interactive developer workflows. Traffic is currently high—please retry shortly. For higher concurrency or automated workloads, consider upgrading to a higher-tier plan or using the pay-as-you-go API. (2062)'}, 'request_id': '065cb78ffced7998804516249ee5a198'}
2026-05-20 12:53:19,910  ERROR       Error 0x405C:010: Error code: 429 - {'type': 'error', 'error': {'type': 'rate_limit_error', 'message': 'The Token Plan is designed for individual, interactive developer workflows. Traffic is currently high—please retry shortly. For higher concurrency or automated workloads, consider upgrading to a higher-tier plan or using the pay-as-you-go API. (2062)'}, 'request_id': '065cb78f50ff55fa82aecee85c859ba1'}
2026-05-20 12:53:20,734  INFO        -> new: Afiseaza adresa IP a routerului gateway care conecteaza segmentul POWERLINK la r
2026-05-20 12:53:20,834  INFO      23227 0x1E4A:001 (Lenze_i550)  existing_len=0  qc=new
2026-05-20 12:53:21,084  INFO        -> new: Defineste intrarea de mapare 15 pentru TPDO (A) - permite selectarea unui obiect
2026-05-20 12:53:21,184  INFO      23022 0x1A05:016 (Lenze_i550)  existing_len=0  qc=new
2026-05-20 12:53:21,466  ERROR       Error 0x2DD1:001: Error code: 429 - {'type': 'error', 'error': {'type': 'rate_limit_error', 'message': 'The Token Plan is designed for individual, interactive developer workflows. Traffic is currently high—please retry shortly. For higher concurrency or automated workloads, consider upgrading to a higher-tier plan or using the pay-as-you-go API. (2062)'}, 'request_id': '065cb791f484f9c0adb282fad1974d9e'}
2026-05-20 12:53:21,574  ERROR       Error 0x1402:001: Error code: 429 - {'type': 'error', 'error': {'type': 'rate_limit_error', 'message': 'The Token Plan is designed for individual, interactive developer workflows. Traffic is currently high—please retry shortly. For higher concurrency or automated workloads, consider upgrading to a higher-tier plan or using the pay-as-you-go API. (2062)'}, 'request_id': '065cb7913d388550ffe903217dbf772a'}
2026-05-20 12:53:22,105  ERROR       Error 0x232F:008: Error code: 429 - {'type': 'error', 'error': {'type': 'rate_limit_error', 'message': 'The Token Plan is designed for individual, interactive developer workflows. Traffic is currently high—please retry shortly. For higher concurrency or automated workloads, consider upgrading to a higher-tier plan or using the pay-as-you-go API. (2062)'}, 'request_id': '065cb79298dc3a27c827075ecc3a6d1b'}
2026-05-20 12:53:22,374  ERROR       Error 0x2000:005: Error code: 429 - {'type': 'error', 'error': {'type': 'rate_limit_error', 'message': 'The Token Plan is designed for individual, interactive developer workflows. Traffic is currently high—please retry shortly. For higher concurrency or automated workloads, consider upgrading to a higher-tier plan or using the pay-as-you-go API. (2062)'}, 'request_id': '065cb7929273a3a2f35877ff4637a7b7'}
2026-05-20 12:53:22,514  ERROR       Error 0x291E:003: Error code: 429 - {'type': 'error', 'error': {'type': 'rate_limit_error', 'message': 'The Token Plan is designed for individual, interactive developer workflows. Traffic is currently high—please retry shortly. For higher concurrency or automated workloads, consider upgrading to a higher-tier plan or using the pay-as-you-go API. (2062)'}, 'request_id': '065cb7925121a55ef42a03ae2f2a6bfb'}
2026-05-20 12:53:22,647  ERROR       Error 0x1E4A:001: Error code: 429 - {'type': 'error', 'error': {'type': 'rate_limit_error', 'message': 'The Token Plan is designed for individual, interactive developer workflows. Traffic is currently high—please retry shortly. For higher concurrency or automated workloads, consider upgrading to a higher-tier plan or using the pay-as-you-go API. (2062)'}, 'request_id': '065cb79258b82766d40bc964605c5164'}
2026-05-20 12:53:22,783  ERROR       Error 0x1A05:016: Error code: 429 - {'type': 'error', 'error': {'type': 'rate_limit_error', 'message': 'The Token Plan is designed for individual, interactive developer workflows. Traffic is currently high—please retry shortly. For higher concurrency or automated workloads, consider upgrading to a higher-tier plan or using the pay-as-you-go API. (2062)'}, 'request_id': '065cb7921ca04f1ac3fe63df6498fabe'}
2026-05-20 12:53:22,958  ERROR       Error 15-04: Error code: 429 - {'type': 'error', 'error': {'type': 'rate_limit_error', 'message': 'The Token Plan is designed for individual, interactive developer workflows. Traffic is currently high—please retry shortly. For higher concurrency or automated workloads, consider upgrading to a higher-tier plan or using the pay-as-you-go API. (2062)'}, 'request_id': '065cb79262189a3e2c8105432a4f3b29'}
2026-05-20 12:53:23,522  ERROR       Error 0x402C:008: Error code: 429 - {'type': 'error', 'error': {'type': 'rate_limit_error', 'message': 'The Token Plan is designed for individual, interactive developer workflows. Traffic is currently high—please retry shortly. For higher concurrency or automated workloads, consider upgrading to a higher-tier plan or using the pay-as-you-go API. (2062)'}, 'request_id': '065cb793865776c364365470b368d1f7'}
2026-05-20 12:53:23,765  INFO        -> new: Afiseaza starea functiei de control complet de la tastatura. Cand acest bit este
2026-05-20 12:53:23,801  INFO        -> new: Activeaza functia de detectie a calarii motorului in modul SL-PSM. Cand motorul 
2026-05-20 12:53:23,865  INFO      23435 0x2021:001 (Lenze_i550)  existing_len=0  qc=new
2026-05-20 12:53:23,901  INFO      23334 0x180A (Lenze_i550)  existing_len=0  qc=new
2026-05-20 12:53:25,484  ERROR       Error 0x2021:001: Error code: 429 - {'type': 'error', 'error': {'type': 'rate_limit_error', 'message': 'The Token Plan is designed for individual, interactive developer workflows. Traffic is currently high—please retry shortly. For higher concurrency or automated workloads, consider upgrading to a higher-tier plan or using the pay-as-you-go API. (2062)'}, 'request_id': '065cb795cc5c640807b221d4d62bbedc'}
2026-05-20 12:53:25,529  ERROR       Error 0x400E:003: Error code: 429 - {'type': 'error', 'error': {'type': 'rate_limit_error', 'message': 'The Token Plan is designed for individual, interactive developer workflows. Traffic is currently high—please retry shortly. For higher concurrency or automated workloads, consider upgrading to a higher-tier plan or using the pay-as-you-go API. (2062)'}, 'request_id': '065cb7958f24cbb6ea404a213bfa3bb5'}
2026-05-20 12:53:25,589  ERROR       Error 0x405C:010: Error code: 429 - {'type': 'error', 'error': {'type': 'rate_limit_error', 'message': 'The Token Plan is designed for individual, interactive developer workflows. Traffic is currently high—please retry shortly. For higher concurrency or automated workloads, consider upgrading to a higher-tier plan or using the pay-as-you-go API. (2062)'}, 'request_id': '065cb795c8bb2b883b7ae9b064740d14'}
2026-05-20 12:53:25,628  ERROR       Error 0x180A: Error code: 429 - {'type': 'error', 'error': {'type': 'rate_limit_error', 'message': 'The Token Plan is designed for individual, interactive developer workflows. Traffic is currently high—please retry shortly. For higher concurrency or automated workloads, consider upgrading to a higher-tier plan or using the pay-as-you-go API. (2062)'}, 'request_id': '065cb795409543c6089f9fe32ea22484'}
2026-05-20 12:53:26,249  ERROR       Error 0x1E4A:001: Error code: 429 - {'type': 'error', 'error': {'type': 'rate_limit_error', 'message': 'The Token Plan is designed for individual, interactive developer workflows. Traffic is currently high—please retry shortly. For higher concurrency or automated workloads, consider upgrading to a higher-tier plan or using the pay-as-you-go API. (2062)'}, 'request_id': '065cb79601c4e1d1ca2c099798d6f439'}
2026-05-20 12:53:26,560  ERROR       Error 0x1A05:016: Error code: 429 - {'type': 'error', 'error': {'type': 'rate_limit_error', 'message': 'The Token Plan is designed for individual, interactive developer workflows. Traffic is currently high—please retry shortly. For higher concurrency or automated workloads, consider upgrading to a higher-tier plan or using the pay-as-you-go API. (2062)'}, 'request_id': '065cb796c4c9631bfb6ff5c5c3e79142'}
2026-05-20 12:53:27,124  ERROR       Error 0x2DD1:001: Error code: 429 - {'type': 'error', 'error': {'type': 'rate_limit_error', 'message': 'The Token Plan is designed for individual, interactive developer workflows. Traffic is currently high—please retry shortly. For higher concurrency or automated workloads, consider upgrading to a higher-tier plan or using the pay-as-you-go API. (2062)'}, 'request_id': '065cb79786093adbab0357a33f9be5fd'}
2026-05-20 12:53:27,160  ERROR       Error 0x1402:001: Error code: 429 - {'type': 'error', 'error': {'type': 'rate_limit_error', 'message': 'The Token Plan is designed for individual, interactive developer workflows. Traffic is currently high—please retry shortly. For higher concurrency or automated workloads, consider upgrading to a higher-tier plan or using the pay-as-you-go API. (2062)'}, 'request_id': '065cb797c7f0dfb7b1bea3f0a3747c1b'}
2026-05-20 12:53:27,898  ERROR       Error 0x232F:008: Error code: 429 - {'type': 'error', 'error': {'type': 'rate_limit_error', 'message': 'The Token Plan is designed for individual, interactive developer workflows. Traffic is currently high—please retry shortly. For higher concurrency or automated workloads, consider upgrading to a higher-tier plan or using the pay-as-you-go API. (2062)'}, 'request_id': '065cb797548b72db5cc06adab81ca26a'}
2026-05-20 12:53:28,137  ERROR       Error 0x2000:005: Error code: 429 - {'type': 'error', 'error': {'type': 'rate_limit_error', 'message': 'The Token Plan is designed for individual, interactive developer workflows. Traffic is currently high—please retry shortly. For higher concurrency or automated workloads, consider upgrading to a higher-tier plan or using the pay-as-you-go API. (2062)'}, 'request_id': '065cb798e440db1569edd35037500f09'}
2026-05-20 12:53:28,417  ERROR       Error 0x291E:003: Error code: 429 - {'type': 'error', 'error': {'type': 'rate_limit_error', 'message': 'The Token Plan is designed for individual, interactive developer workflows. Traffic is currently high—please retry shortly. For higher concurrency or automated workloads, consider upgrading to a higher-tier plan or using the pay-as-you-go API. (2062)'}, 'request_id': '065cb798b368cfb7239a57ec084730c0'}
2026-05-20 12:53:28,575  ERROR       Error 15-04: Error code: 429 - {'type': 'error', 'error': {'type': 'rate_limit_error', 'message': 'The Token Plan is designed for individual, interactive developer workflows. Traffic is currently high—please retry shortly. For higher concurrency or automated workloads, consider upgrading to a higher-tier plan or using the pay-as-you-go API. (2062)'}, 'request_id': '065cb798b637ba35489bba1bb2ec6879'}
2026-05-20 12:53:29,167  ERROR       Error 0x402C:008: Error code: 429 - {'type': 'error', 'error': {'type': 'rate_limit_error', 'message': 'The Token Plan is designed for individual, interactive developer workflows. Traffic is currently high—please retry shortly. For higher concurrency or automated workloads, consider upgrading to a higher-tier plan or using the pay-as-you-go API. (2062)'}, 'request_id': '065cb799bc8404db90bafd32e0ab552f'}
2026-05-20 12:53:29,316  ERROR       Error 0x2021:001: Error code: 429 - {'type': 'error', 'error': {'type': 'rate_limit_error', 'message': 'The Token Plan is designed for individual, interactive developer workflows. Traffic is currently high—please retry shortly. For higher concurrency or automated workloads, consider upgrading to a higher-tier plan or using the pay-as-you-go API. (2062)'}, 'request_id': '065cb79979aa22585819a0cce2a508d5'}
2026-05-20 12:53:29,510  ERROR       Error 0x180A: Error code: 429 - {'type': 'error', 'error': {'type': 'rate_limit_error', 'message': 'The Token Plan is designed for individual, interactive developer workflows. Traffic is currently high—please retry shortly. For higher concurrency or automated workloads, consider upgrading to a higher-tier plan or using the pay-as-you-go API. (2062)'}, 'request_id': '065cb79935fd4283c027cbb0f115e8f0'}
2026-05-20 12:53:31,530  INFO      22822 0x400E:004 (Lenze_i550)  existing_len=0  qc=new
2026-05-20 12:53:31,589  INFO      24302 0x405C:011 (Lenze_i550)  existing_len=0  qc=new
2026-05-20 12:53:31,917  ERROR       Error 0x1E4A:001: Error code: 429 - {'type': 'error', 'error': {'type': 'rate_limit_error', 'message': 'The Token Plan is designed for individual, interactive developer workflows. Traffic is currently high—please retry shortly. For higher concurrency or automated workloads, consider upgrading to a higher-tier plan or using the pay-as-you-go API. (2062)'}, 'request_id': '065cb79b7dda246cafe5f247df17c5c0'}
2026-05-20 12:53:32,182  ERROR       Error 0x1A05:016: Error code: 429 - {'type': 'error', 'error': {'type': 'rate_limit_error', 'message': 'The Token Plan is designed for individual, interactive developer workflows. Traffic is currently high—please retry shortly. For higher concurrency or automated workloads, consider upgrading to a higher-tier plan or using the pay-as-you-go API. (2062)'}, 'request_id': '065cb79c9167a03af96a4010550cd115'}
2026-05-20 12:53:33,125  INFO      23638 0x2DD1:002 (Lenze_i550)  existing_len=0  qc=new
2026-05-20 12:53:33,160  INFO      22921 0x1402:002 (Lenze_i550)  existing_len=0  qc=new
2026-05-20 12:53:33,615  ERROR       Error 0x400E:004: Error code: 429 - {'type': 'error', 'error': {'type': 'rate_limit_error', 'message': 'The Token Plan is designed for individual, interactive developer workflows. Traffic is currently high—please retry shortly. For higher concurrency or automated workloads, consider upgrading to a higher-tier plan or using the pay-as-you-go API. (2062)'}, 'request_id': '065cb79de2708904168d8525b18935d5'}
2026-05-20 12:53:33,898  INFO      23128 0x232F:009 (Lenze_i550)  existing_len=0  qc=new
2026-05-20 12:53:33,899  ERROR       Error 0x405C:011: Error code: 429 - {'type': 'error', 'error': {'type': 'rate_limit_error', 'message': 'The Token Plan is designed for individual, interactive developer workflows. Traffic is currently high—please retry shortly. For higher concurrency or automated workloads, consider upgrading to a higher-tier plan or using the pay-as-you-go API. (2062)'}, 'request_id': '065cb79dd2490ecea28207bd1c483552'}
2026-05-20 12:53:34,138  INFO      23540 0x2000:006 (Lenze_i550)  existing_len=0  qc=new
2026-05-20 12:53:34,417  INFO      22718 0x2948:002 (Lenze_i550)  existing_len=0  qc=new
2026-05-20 12:53:34,575  INFO      3044 0-02 (Danfoss_VLT_FC302)  existing_len=0  qc=new
2026-05-20 12:53:35,167  INFO      22613 0x402C:009 (Lenze_i550)  existing_len=0  qc=new
2026-05-20 12:53:35,226  ERROR       Error 0x2021:001: Error code: 429 - {'type': 'error', 'error': {'type': 'rate_limit_error', 'message': 'The Token Plan is designed for individual, interactive developer workflows. Traffic is currently high—please retry shortly. For higher concurrency or automated workloads, consider upgrading to a higher-tier plan or using the pay-as-you-go API. (2062)'}, 'request_id': '065cb79f4ba5dd0b83c5207dadcd1f10'}
2026-05-20 12:53:35,311  ERROR       Error 0x180A: Error code: 429 - {'type': 'error', 'error': {'type': 'rate_limit_error', 'message': 'The Token Plan is designed for individual, interactive developer workflows. Traffic is currently high—please retry shortly. For higher concurrency or automated workloads, consider upgrading to a higher-tier plan or using the pay-as-you-go API. (2062)'}, 'request_id': '065cb79f94cf73631bc2560d5d888de3'}
2026-05-20 12:53:35,413  ERROR       Error 0x2DD1:002: Error code: 429 - {'type': 'error', 'error': {'type': 'rate_limit_error', 'message': 'The Token Plan is designed for individual, interactive developer workflows. Traffic is currently high—please retry shortly. For higher concurrency or automated workloads, consider upgrading to a higher-tier plan or using the pay-as-you-go API. (2062)'}, 'request_id': '065cb79fda8bbe4d00fb62eb17d3f358'}
2026-05-20 12:53:35,526  ERROR       Error 0x1402:002: Error code: 429 - {'type': 'error', 'error': {'type': 'rate_limit_error', 'message': 'The Token Plan is designed for individual, interactive developer workflows. Traffic is currently high—please retry shortly. For higher concurrency or automated workloads, consider upgrading to a higher-tier plan or using the pay-as-you-go API. (2062)'}, 'request_id': '065cb79f901fba706cd08c55353d22f9'}
2026-05-20 12:53:36,066  ERROR       Error 0x232F:009: Error code: 429 - {'type': 'error', 'error': {'type': 'rate_limit_error', 'message': 'The Token Plan is designed for individual, interactive developer workflows. Traffic is currently high—please retry shortly. For higher concurrency or automated workloads, consider upgrading to a higher-tier plan or using the pay-as-you-go API. (2062)'}, 'request_id': '065cb79f27582a538241527c4415cb9e'}
2026-05-20 12:53:36,297  ERROR       Error 0x2000:006: Error code: 429 - {'type': 'error', 'error': {'type': 'rate_limit_error', 'message': 'The Token Plan is designed for individual, interactive developer workflows. Traffic is currently high—please retry shortly. For higher concurrency or automated workloads, consider upgrading to a higher-tier plan or using the pay-as-you-go API. (2062)'}, 'request_id': '065cb7a08a181a720e09fcccc0dc92a9'}
2026-05-20 12:53:36,568  ERROR       Error 0x2948:002: Error code: 429 - {'type': 'error', 'error': {'type': 'rate_limit_error', 'message': 'The Token Plan is designed for individual, interactive developer workflows. Traffic is currently high—please retry shortly. For higher concurrency or automated workloads, consider upgrading to a higher-tier plan or using the pay-as-you-go API. (2062)'}, 'request_id': '065cb7a0a474a089287ba16b13907e81'}
2026-05-20 12:53:36,681  ERROR       Error 0-02: Error code: 429 - {'type': 'error', 'error': {'type': 'rate_limit_error', 'message': 'The Token Plan is designed for individual, interactive developer workflows. Traffic is currently high—please retry shortly. For higher concurrency or automated workloads, consider upgrading to a higher-tier plan or using the pay-as-you-go API. (2062)'}, 'request_id': '065cb7a0e5c5a5159a25013b6dff8d7f'}
2026-05-20 12:53:37,230  ERROR       Error 0x400E:004: Error code: 429 - {'type': 'error', 'error': {'type': 'rate_limit_error', 'message': 'The Token Plan is designed for individual, interactive developer workflows. Traffic is currently high—please retry shortly. For higher concurrency or automated workloads, consider upgrading to a higher-tier plan or using the pay-as-you-go API. (2062)'}, 'request_id': '065cb7a15067e2aeb177285df9b712b3'}
2026-05-20 12:53:37,277  ERROR       Error 0x402C:009: Error code: 429 - {'type': 'error', 'error': {'type': 'rate_limit_error', 'message': 'The Token Plan is designed for individual, interactive developer workflows. Traffic is currently high—please retry shortly. For higher concurrency or automated workloads, consider upgrading to a higher-tier plan or using the pay-as-you-go API. (2062)'}, 'request_id': '065cb7a1076140e66030b65a35c0f461'}
2026-05-20 12:53:37,550  ERROR       Error 0x405C:011: Error code: 429 - {'type': 'error', 'error': {'type': 'rate_limit_error', 'message': 'The Token Plan is designed for individual, interactive developer workflows. Traffic is currently high—please retry shortly. For higher concurrency or automated workloads, consider upgrading to a higher-tier plan or using the pay-as-you-go API. (2062)'}, 'request_id': '065cb7a199b90004f005db96a3035839'}
2026-05-20 12:53:37,917  INFO      23228 0x1E4A:002 (Lenze_i550)  existing_len=0  qc=new
2026-05-20 12:53:38,182  INFO      23023 0x1C00:001 (Lenze_i550)  existing_len=0  qc=new
2026-05-20 12:53:39,091  ERROR       Error 0x2DD1:002: Error code: 429 - {'type': 'error', 'error': {'type': 'rate_limit_error', 'message': 'The Token Plan is designed for individual, interactive developer workflows. Traffic is currently high—please retry shortly. For higher concurrency or automated workloads, consider upgrading to a higher-tier plan or using the pay-as-you-go API. (2062)'}, 'request_id': '065cb7a350f86220ae1506eb6a0460bd'}
2026-05-20 12:53:39,235  ERROR       Error 0x1402:002: Error code: 429 - {'type': 'error', 'error': {'type': 'rate_limit_error', 'message': 'The Token Plan is designed for individual, interactive developer workflows. Traffic is currently high—please retry shortly. For higher concurrency or automated workloads, consider upgrading to a higher-tier plan or using the pay-as-you-go API. (2062)'}, 'request_id': '065cb7a30523617b34bc582a1165795e'}
2026-05-20 12:53:39,694  ERROR       Error 0x232F:009: Error code: 429 - {'type': 'error', 'error': {'type': 'rate_limit_error', 'message': 'The Token Plan is designed for individual, interactive developer workflows. Traffic is currently high—please retry shortly. For higher concurrency or automated workloads, consider upgrading to a higher-tier plan or using the pay-as-you-go API. (2062)'}, 'request_id': '065cb7a3bceaadefd4aa501afe2b11cb'}
2026-05-20 12:53:40,149  ERROR       Error 0x2948:002: Error code: 429 - {'type': 'error', 'error': {'type': 'rate_limit_error', 'message': 'The Token Plan is designed for individual, interactive developer workflows. Traffic is currently high—please retry shortly. For higher concurrency or automated workloads, consider upgrading to a higher-tier plan or using the pay-as-you-go API. (2062)'}, 'request_id': '065cb7a400ce81bd88190f7693e888da'}
2026-05-20 12:53:40,149  ERROR       Error 0x1E4A:002: Error code: 429 - {'type': 'error', 'error': {'type': 'rate_limit_error', 'message': 'The Token Plan is designed for individual, interactive developer workflows. Traffic is currently high—please retry shortly. For higher concurrency or automated workloads, consider upgrading to a higher-tier plan or using the pay-as-you-go API. (2062)'}, 'request_id': '065cb7a43d7fe21b37663b3d8fca107e'}
2026-05-20 12:53:40,411  ERROR       Error 0x2000:006: Error code: 429 - {'type': 'error', 'error': {'type': 'rate_limit_error', 'message': 'The Token Plan is designed for individual, interactive developer workflows. Traffic is currently high—please retry shortly. For higher concurrency or automated workloads, consider upgrading to a higher-tier plan or using the pay-as-you-go API. (2062)'}, 'request_id': '065cb7a4cf892c3920d69d4881b95dc0'}
2026-05-20 12:53:40,558  ERROR       Error 0x1C00:001: Error code: 429 - {'type': 'error', 'error': {'type': 'rate_limit_error', 'message': 'The Token Plan is designed for individual, interactive developer workflows. Traffic is currently high—please retry shortly. For higher concurrency or automated workloads, consider upgrading to a higher-tier plan or using the pay-as-you-go API. (2062)'}, 'request_id': '065cb7a41fdaf8fb61d47db470a67897'}
2026-05-20 12:53:40,736  ERROR       Error 0-02: Error code: 429 - {'type': 'error', 'error': {'type': 'rate_limit_error', 'message': 'The Token Plan is designed for individual, interactive developer workflows. Traffic is currently high—please retry shortly. For higher concurrency or automated workloads, consider upgrading to a higher-tier plan or using the pay-as-you-go API. (2062)'}, 'request_id': '065cb7a458502565abdae843ddb5537e'}
2026-05-20 12:53:41,226  INFO      23436 0x2021:002 (Lenze_i550)  existing_len=0  qc=new
2026-05-20 12:53:41,312  INFO      23335 0x180B (Lenze_i550)  existing_len=0  qc=new
2026-05-20 12:53:46,926  INFO        -> new: Indicatoare de stare care arata ca functionarea in mod UPS este activa. Acest wa
2026-05-20 12:53:47,027  INFO      23336 0x180C (Lenze_i550)  existing_len=0  qc=new
2026-05-20 12:53:47,844  INFO        -> new: Seteaza valoarea time-to-live (TTL) in antetul IP al pachetelor trimise. Daca pa
2026-05-20 12:53:47,944  INFO      23229 0x1E4A:003 (Lenze_i550)  existing_len=0  qc=new
2026-05-20 12:53:48,295  INFO        -> new: Seteaza durata de clipire a indicatoarelor vizuale de urmarire pe dispozitiv. Va
2026-05-20 12:53:48,396  INFO      23437 0x2022:001 (Lenze_i550)  existing_len=0  qc=new
2026-05-20 12:53:49,647  INFO        -> new: Parametru doar pentru citire care afiseaza versiunea bootloader-ului unitatii de
2026-05-20 12:53:49,747  INFO      23541 0x2000:007 (Lenze_i550)  existing_len=0  qc=new
2026-05-20 12:53:51,147  INFO        -> new: Selecteaza unitatea de masura pentru afisarea vitezei motorului pe panoul VFD. O
2026-05-20 12:53:51,248  INFO      3045 0-03 (Danfoss_VLT_FC302)  existing_len=0  qc=new
2026-05-20 12:53:51,272  INFO        -> new: Afiseaza valoarea curenta a curentului Q al motorului. Curentul Q este component
2026-05-20 12:53:51,372  INFO      23639 0x2DD1:003 (Lenze_i550)  existing_len=0  qc=new
2026-05-20 12:53:51,733  INFO        -> new: Defineste tipul de transmitere pentru RPDO3 conform standardului CANopen DS301 V
2026-05-20 12:53:51,834  INFO      22922 0x1402:005 (Lenze_i550)  existing_len=0  qc=new
2026-05-20 12:53:51,849  INFO        -> new: Defineste functia care este activata prin bitul 3 al cuvantului NetWordIN1 recep
2026-05-20 12:53:51,949  INFO      22823 0x400E:005 (Lenze_i550)  existing_len=0  qc=new
2026-05-20 12:53:52,479  INFO        -> new: Reseteaza la zero contoarele de timp de functionare pentru pompele aditionale di
2026-05-20 12:53:52,533  INFO        -> new: Acest parametru este rezervat de producator si nu trebuie modificat. Face parte 
2026-05-20 12:53:52,579  INFO      24303 0x405C:012 (Lenze_i550)  existing_len=0  qc=new
2026-05-20 12:53:52,634  INFO      22614 0x402D:001 (Lenze_i550)  existing_len=0  qc=new
2026-05-20 12:53:52,817  INFO        -> new: Seteaza timpul de rampa pentru modul de functionare in cuplu. Referinta de cuplu
2026-05-20 12:53:52,917  INFO      22719 0x2946:001 (Lenze_i550)  existing_len=0  qc=new
2026-05-20 12:53:54,402  INFO        -> new: Afiseaza numarul de cadre receptionate care au fost destinate unei adrese IP dif
2026-05-20 12:53:54,489  INFO        -> new: Defineste tipul de comunicare pentru Sync Manager 0 (SM0) care este utilizat pen
2026-05-20 12:53:54,502  INFO      23230 0x1F81:254 (Lenze_i550)  existing_len=0  qc=new
2026-05-20 12:53:54,589  INFO      23024 0x1C00:002 (Lenze_i550)  existing_len=0  qc=new
2026-05-20 12:53:55,548  INFO        -> new: Contine valoarea octetului de date din ultimul mesaj Modbus transmis (Tx data di
2026-05-20 12:53:55,649  INFO      23129 0x232F:010 (Lenze_i550)  existing_len=0  qc=new
2026-05-20 12:53:55,664  INFO        -> new: Afiseaza tipul de bootloader al unitatii de control. Este un parametru doar pent
2026-05-20 12:53:55,765  INFO      23542 0x2000:008 (Lenze_i550)  existing_len=0  qc=new
2026-05-20 12:53:56,952  INFO        -> new: Configureaza setarile regionale pentru afisajul VFD-ului. Poate include formatul
2026-05-20 12:53:57,053  INFO      3046 0-12 (Danfoss_VLT_FC302)  existing_len=0  qc=new
2026-05-20 12:53:58,183  INFO        -> new: Afiseaza starea functionala a cascadei de pompe. Indicatorii arata daca pompele 
2026-05-20 12:53:58,284  INFO      24304 0x405C:013 (Lenze_i550)  existing_len=0  qc=new
2026-05-20 12:53:58,488  INFO        -> new: Defectul semnaleaza depasirea tensiunii maxime pe busul DC. Acest defect apare c
2026-05-20 12:53:58,588  INFO      23337 0x180D (Lenze_i550)  existing_len=0  qc=new
2026-05-20 12:53:58,608  INFO        -> new: Defineste functia care este activata prin bitul 4 al cuvantului NetWordIN1 recep
2026-05-20 12:53:58,708  INFO      22824 0x400E:006 (Lenze_i550)  existing_len=0  qc=new
2026-05-20 12:53:59,025  INFO        -> new: Seteaza timpul de monitorizare pentru receptia datelor RPDO3. Daca nu se primesc
2026-05-20 12:53:59,104  INFO        -> new: Initializeaza readucerea tuturor parametrilor la setarile din fabrica. Sterge to
2026-05-20 12:53:59,126  INFO      22923 0x1800:001 (Lenze_i550)  existing_len=0  qc=new
2026-05-20 12:53:59,205  INFO      23438 0x203D (Lenze_i550)  existing_len=0  qc=new
2026-05-20 12:53:59,425  INFO        -> new: Seteaza frecventa tinta pentru segmentul 8 al secventei. Semnul defineste si dir
2026-05-20 12:53:59,526  INFO      22615 0x402D:002 (Lenze_i550)  existing_len=0  qc=new
2026-05-20 12:53:59,759  INFO        -> new: Afiseaza valoarea de referinta a curentului pe axa D in modul de control vectori
2026-05-20 12:53:59,860  INFO      23640 0x2DD1:004 (Lenze_i550)  existing_len=0  qc=new
2026-05-20 12:54:01,972  INFO        -> new: Afiseaza ultimul octet de date transmis prin comunicatia Modbus. Este un paramet
2026-05-20 12:54:01,992  INFO        -> new: Afiseaza versiunea directorului de obiecte al firmware-ului dispozitivului. Este
2026-05-20 12:54:02,073  INFO      23130 0x232F:011 (Lenze_i550)  existing_len=0  qc=new
2026-05-20 12:54:02,092  INFO      23543 0x2000:010 (Lenze_i550)  existing_len=0  qc=new
2026-05-20 12:54:02,432  INFO        -> new: Afiseaza timpul total de functionare al pompei 1 in ore. Este un parametru de ti
2026-05-20 12:54:02,454  INFO        -> new: Defineste limita inferioara de viteza a motorului in Hz. Valoarea setata reprezi
2026-05-20 12:54:02,533  INFO      24305 0x405C:014 (Lenze_i550)  existing_len=0  qc=new
2026-05-20 12:54:02,554  INFO      22720 0x2946:002 (Lenze_i550)  existing_len=0  qc=new
2026-05-20 12:54:04,036  INFO        -> new: Seteaza legatura intre set-ul activ si alt set-up pentru sincronizare in timpul 
2026-05-20 12:54:04,137  INFO      3047 0-51 (Danfoss_VLT_FC302)  existing_len=0  qc=new
2026-05-20 12:54:04,448  INFO        -> new: Defineste tipul de comunicare pentru Sync Manager 1 (SM1) in reteaua EtherCAT. S
2026-05-20 12:54:04,549  INFO      23025 0x1C00:003 (Lenze_i550)  existing_len=0  qc=new
2026-05-20 12:54:05,509  INFO        -> new: Acest parametru indica starea unui avertisment legat de tensiunea prea mare pe b
2026-05-20 12:54:05,609  INFO      23338 0x180E (Lenze_i550)  existing_len=0  qc=new
2026-05-20 12:54:06,720  INFO        -> new: Afiseaza valoarea de referinta a curentului Q (iq) al motorului. Acest curent es
2026-05-20 12:54:06,821  INFO      23641 0x2DD1:005 (Lenze_i550)  existing_len=0  qc=new
2026-05-20 12:54:07,107  INFO        -> new: Inregistreaza timpul total de functionare al pompei 2 intr-un sistem de pompe in
2026-05-20 12:54:07,208  INFO      24306 0x2865:001 (Lenze_i550)  existing_len=0  qc=new
2026-05-20 12:54:07,454  INFO        -> new: Afiseaza ID-ul de nod al receptorului pentru TPDO1 (Transmit Process Data Object
2026-05-20 12:54:07,554  INFO      22924 0x1800:002 (Lenze_i550)  existing_len=0  qc=new
2026-05-20 12:54:07,878  INFO        -> new: Seteaza timpul de accelerare si decelerare pentru segmentul 8 al secventierului.
2026-05-20 12:54:07,979  INFO      22616 0x402D:003 (Lenze_i550)  existing_len=0  qc=new
2026-05-20 12:54:08,023  INFO        -> new: Afiseaza versiunea firmware a unitatii de putere. Este un parametru doar pentru 
2026-05-20 12:54:08,124  INFO      23544 0x2000:011 (Lenze_i550)  existing_len=0  qc=new
2026-05-20 12:54:08,225  INFO        -> new: Afiseaza valoarea ultimului byte de date transmis prin Modbus (byte-ul 9 din cad
2026-05-20 12:54:08,326  INFO      23131 0x232F:012 (Lenze_i550)  existing_len=0  qc=new
2026-05-20 12:54:08,547  INFO        -> new: Acest parametru nu are functie in aceasta versiune de firmware. Nu este utilizat
2026-05-20 12:54:08,623  INFO        -> new: Defineste proprietatile nodului router de tip 1 cu adresa standard 254 in reteau
2026-05-20 12:54:08,648  INFO      3048 0-11 (Danfoss_VLT_FC302)  existing_len=0  qc=new
2026-05-20 12:54:08,718  INFO        -> new: Seteaza limita absoluta minima a frecventei de iesire in modul cuplu. Aceasta li
2026-05-20 12:54:08,723  INFO      23231 0x1F9B:100 (Lenze_i550)  existing_len=0  qc=new
2026-05-20 12:54:08,818  INFO      22721 0x2946:005 (Lenze_i550)  existing_len=0  qc=new
2026-05-20 12:54:08,987  INFO        -> new: Seteaza protectia prin PIN pentru accesul la parametrii VFD. Nivelul 0 = fara pr
2026-05-20 12:54:09,088  INFO      23439 0x203E (Lenze_i550)  existing_len=0  qc=new
2026-05-20 12:54:11,724  INFO        -> new: Defineste functia care este activata prin bitul 5 al cuvantului NetWordIN1 recep
2026-05-20 12:54:11,825  INFO      22825 0x400E:007 (Lenze_i550)  existing_len=0  qc=new
2026-05-20 12:54:12,174  INFO        -> new: Acest fault este generat cand tensiunea pe busul DC scade sub pragul minim de su
2026-05-20 12:54:12,275  INFO      23339 0x180F (Lenze_i550)  existing_len=0  qc=new
2026-05-20 12:54:12,758  INFO        -> new: Afiseaza curentul efectiv (RMS) al motorului masurat in timp real. Valoarea este
2026-05-20 12:54:12,859  INFO      23642 0x2DD3:003 (Lenze_i550)  existing_len=0  qc=new
2026-05-20 12:54:13,982  INFO        -> new: Afiseaza ultimul byte de date transmis prin Modbus. Este un parametru read-only 
2026-05-20 12:54:14,082  INFO      23132 0x232F:013 (Lenze_i550)  existing_len=0  qc=new
2026-05-20 12:54:14,642  INFO        -> new: Acest parametru afiseaza tipul de firmware al unitatii de putere. Este un parame
2026-05-20 12:54:14,742  INFO      23545 0x2000:012 (Lenze_i550)  existing_len=0  qc=new
2026-05-20 12:54:15,858  INFO        -> new: Seteaza limita superioara de viteza in unitati de viteza. Aceasta limita este ac
2026-05-20 12:54:15,959  INFO      22722 0x2946:006 (Lenze_i550)  existing_len=0  qc=new
2026-05-20 12:54:16,332  INFO        -> new: Afiseaza versiunea mapping-ului pentru TPDO1 (Transmit Process Data Object 1). A
2026-05-20 12:54:16,433  INFO      22925 0x1800:003 (Lenze_i550)  existing_len=0  qc=new
2026-05-20 12:54:16,961  INFO        -> new: Seteaza o unitate personalizata pentru afisarea frecventei de iesire pe tastatur
2026-05-20 12:54:17,062  INFO      24307 0x2865:002 (Lenze_i550)  existing_len=0  qc=new
2026-05-20 12:54:17,064  WARNING     Bad categorie 'Altol' for 0-11, retry
2026-05-20 12:54:17,240  INFO        -> new: Defineste tipul de comunicatie pentru Sync Manager 2 (SM2) in configuratia Ether
2026-05-20 12:54:17,341  INFO      23026 0x1C00:004 (Lenze_i550)  existing_len=0  qc=new
2026-05-20 12:54:18,501  INFO        -> new: Atribuie fiecarui nod CANopen un ciclu specific in cadrul secventei multiplexate
2026-05-20 12:54:18,602  INFO      23232 0x1003:001 (Lenze_i550)  existing_len=0  qc=new
2026-05-20 12:54:18,842  ERROR       Error 0x2865:002: Error code: 429 - {'type': 'error', 'error': {'type': 'rate_limit_error', 'message': 'The Token Plan is designed for individual, interactive developer workflows. Traffic is currently high—please retry shortly. For higher concurrency or automated workloads, consider upgrading to a higher-tier plan or using the pay-as-you-go API. (2062)'}, 'request_id': '065cb7ca0ba213db3d841e8fc34fef58'}
2026-05-20 12:54:19,013  ERROR       Error 0x1C00:004: Error code: 429 - {'type': 'error', 'error': {'type': 'rate_limit_error', 'message': 'The Token Plan is designed for individual, interactive developer workflows. Traffic is currently high—please retry shortly. For higher concurrency or automated workloads, consider upgrading to a higher-tier plan or using the pay-as-you-go API. (2062)'}, 'request_id': '065cb7ca8ae72735e2525bef4ade10ff'}
2026-05-20 12:54:19,661  ERROR       Error 0-11: Error code: 429 - {'type': 'error', 'error': {'type': 'rate_limit_error', 'message': 'The Token Plan is designed for individual, interactive developer workflows. Traffic is currently high—please retry shortly. For higher concurrency or automated workloads, consider upgrading to a higher-tier plan or using the pay-as-you-go API. (2062)'}, 'request_id': '065cb7cbc10ac87483422a24d3f4127f'}
2026-05-20 12:54:20,309  INFO        -> new: Seteaza timpul de rulare pentru segmentul 8 al secventiatorului. Dupa expirarea 
2026-05-20 12:54:20,328  INFO        -> new: Activeaza protectia cu PIN2 pentru accesul la parametrii grupului. Dupa setarea 
2026-05-20 12:54:20,355  ERROR       Error 0x1003:001: Error code: 429 - {'type': 'error', 'error': {'type': 'rate_limit_error', 'message': 'The Token Plan is designed for individual, interactive developer workflows. Traffic is currently high—please retry shortly. For higher concurrency or automated workloads, consider upgrading to a higher-tier plan or using the pay-as-you-go API. (2062)'}, 'request_id': '065cb7cc9b0f45318382ce2596fe2047'}
2026-05-20 12:54:20,372  INFO        -> new: Defineste functia care este activata prin bitul 6 al cuvantului de date NetWordI
2026-05-20 12:54:20,409  INFO      22617 0x402D:004 (Lenze_i550)  existing_len=0  qc=new
2026-05-20 12:54:20,428  INFO      23440 0x203F (Lenze_i550)  existing_len=0  qc=new
2026-05-20 12:54:20,447  INFO        -> new: Versiunea bootloaderului unitatii de putere (power unit). Acest parametru este d
2026-05-20 12:54:20,473  INFO      22826 0x400E:008 (Lenze_i550)  existing_len=0  qc=new
2026-05-20 12:54:20,548  INFO      23546 0x2000:013 (Lenze_i550)  existing_len=0  qc=new
2026-05-20 12:54:22,019  ERROR       Error 0x402D:004: Error code: 429 - {'type': 'error', 'error': {'type': 'rate_limit_error', 'message': 'The Token Plan is designed for individual, interactive developer workflows. Traffic is currently high—please retry shortly. For higher concurrency or automated workloads, consider upgrading to a higher-tier plan or using the pay-as-you-go API. (2062)'}, 'request_id': '065cb7cdb2749fd1539dc75ae2334996'}
2026-05-20 12:54:22,195  ERROR       Error 0x203F: Error code: 429 - {'type': 'error', 'error': {'type': 'rate_limit_error', 'message': 'The Token Plan is designed for individual, interactive developer workflows. Traffic is currently high—please retry shortly. For higher concurrency or automated workloads, consider upgrading to a higher-tier plan or using the pay-as-you-go API. (2062)'}, 'request_id': '065cb7ce5ebdd462dbb6ea15ef1e49c2'}
2026-05-20 12:54:22,204  ERROR       Error 0x2000:013: Error code: 429 - {'type': 'error', 'error': {'type': 'rate_limit_error', 'message': 'The Token Plan is designed for individual, interactive developer workflows. Traffic is currently high—please retry shortly. For higher concurrency or automated workloads, consider upgrading to a higher-tier plan or using the pay-as-you-go API. (2062)'}, 'request_id': '065cb7cea7b5f6dba289a22eca722a98'}
2026-05-20 12:54:22,259  ERROR       Error 0x400E:008: Error code: 429 - {'type': 'error', 'error': {'type': 'rate_limit_error', 'message': 'The Token Plan is designed for individual, interactive developer workflows. Traffic is currently high—please retry shortly. For higher concurrency or automated workloads, consider upgrading to a higher-tier plan or using the pay-as-you-go API. (2062)'}, 'request_id': '065cb7ce2371ae7a4f2aa3415107652d'}
2026-05-20 12:54:22,653  ERROR       Error 0x2865:002: Error code: 429 - {'type': 'error', 'error': {'type': 'rate_limit_error', 'message': 'The Token Plan is designed for individual, interactive developer workflows. Traffic is currently high—please retry shortly. For higher concurrency or automated workloads, consider upgrading to a higher-tier plan or using the pay-as-you-go API. (2062)'}, 'request_id': '065cb7ced650bd2940c831e8e4fd551e'}
2026-05-20 12:54:22,671  INFO        -> new: Indică faptul că tensiunea DC bus a scăzut sub pragul de avertizare. Apare în ca
2026-05-20 12:54:22,751  INFO        -> new: Afiseaza valoarea referintei de viteza dupa aplicarea tuturor limitelor. Reprezi
2026-05-20 12:54:22,772  INFO      23340 0x1810 (Lenze_i550)  existing_len=0  qc=new
2026-05-20 12:54:22,851  INFO      23643 0x2DDF:001 (Lenze_i550)  existing_len=0  qc=new
2026-05-20 12:54:22,880  ERROR       Error 0x1C00:004: Error code: 429 - {'type': 'error', 'error': {'type': 'rate_limit_error', 'message': 'The Token Plan is designed for individual, interactive developer workflows. Traffic is currently high—please retry shortly. For higher concurrency or automated workloads, consider upgrading to a higher-tier plan or using the pay-as-you-go API. (2062)'}, 'request_id': '065cb7cec98eae08c8512d879faca503'}
2026-05-20 12:54:23,376  INFO        -> new: Seteaza limita inferioara de viteza a motorului in unitati de viteza. Aceasta va
2026-05-20 12:54:23,440  INFO        -> new: Afiseaza ultimul octet de date transmis prin interfata Modbus. Este un parametru
2026-05-20 12:54:23,477  INFO      22723 0x2946:008 (Lenze_i550)  existing_len=0  qc=new
2026-05-20 12:54:23,541  INFO      23133 0x232F:014 (Lenze_i550)  existing_len=0  qc=new
2026-05-20 12:54:24,268  INFO        -> new: Seteaza timpul minim intre doua transmisii succesive ale aceluiasi TPDO1 conform
2026-05-20 12:54:24,271  ERROR       Error 0x1003:001: Error code: 429 - {'type': 'error', 'error': {'type': 'rate_limit_error', 'message': 'The Token Plan is designed for individual, interactive developer workflows. Traffic is currently high—please retry shortly. For higher concurrency or automated workloads, consider upgrading to a higher-tier plan or using the pay-as-you-go API. (2062)'}, 'request_id': '065cb7d0d02b6ae502285a1286facd60'}
2026-05-20 12:54:24,369  INFO      22926 0x1800:005 (Lenze_i550)  existing_len=0  qc=new
2026-05-20 12:54:24,527  ERROR       Error 0x1810: Error code: 429 - {'type': 'error', 'error': {'type': 'rate_limit_error', 'message': 'The Token Plan is designed for individual, interactive developer workflows. Traffic is currently high—please retry shortly. For higher concurrency or automated workloads, consider upgrading to a higher-tier plan or using the pay-as-you-go API. (2062)'}, 'request_id': '065cb7d0a00449ac407497a2fd3ccd38'}
2026-05-20 12:54:25,131  ERROR       Error 0x2DDF:001: Error code: 429 - {'type': 'error', 'error': {'type': 'rate_limit_error', 'message': 'The Token Plan is designed for individual, interactive developer workflows. Traffic is currently high—please retry shortly. For higher concurrency or automated workloads, consider upgrading to a higher-tier plan or using the pay-as-you-go API. (2062)'}, 'request_id': '065cb7d1d51a3301e31250a14b7ee3ba'}
2026-05-20 12:54:25,322  ERROR       Error 0x232F:014: Error code: 429 - {'type': 'error', 'error': {'type': 'rate_limit_error', 'message': 'The Token Plan is designed for individual, interactive developer workflows. Traffic is currently high—please retry shortly. For higher concurrency or automated workloads, consider upgrading to a higher-tier plan or using the pay-as-you-go API. (2062)'}, 'request_id': '065cb7d12c9b5e1f42614ffc72bc0510'}
2026-05-20 12:54:25,943  ERROR       Error 0x400E:008: Error code: 429 - {'type': 'error', 'error': {'type': 'rate_limit_error', 'message': 'The Token Plan is designed for individual, interactive developer workflows. Traffic is currently high—please retry shortly. For higher concurrency or automated workloads, consider upgrading to a higher-tier plan or using the pay-as-you-go API. (2062)'}, 'request_id': '065cb7d17f4f5e04cb086c9ecf1505a6'}
2026-05-20 12:54:26,105  ERROR       Error 0x203F: Error code: 429 - {'type': 'error', 'error': {'type': 'rate_limit_error', 'message': 'The Token Plan is designed for individual, interactive developer workflows. Traffic is currently high—please retry shortly. For higher concurrency or automated workloads, consider upgrading to a higher-tier plan or using the pay-as-you-go API. (2062)'}, 'request_id': '065cb7d2840fca86a0b78af5ed1f6651'}
2026-05-20 12:54:26,168  ERROR       Error 0x402D:004: Error code: 429 - {'type': 'error', 'error': {'type': 'rate_limit_error', 'message': 'The Token Plan is designed for individual, interactive developer workflows. Traffic is currently high—please retry shortly. For higher concurrency or automated workloads, consider upgrading to a higher-tier plan or using the pay-as-you-go API. (2062)'}, 'request_id': '065cb7d19aaf1d45c6f997524243fb73'}
2026-05-20 12:54:26,219  ERROR       Error 0x1800:005: Error code: 429 - {'type': 'error', 'error': {'type': 'rate_limit_error', 'message': 'The Token Plan is designed for individual, interactive developer workflows. Traffic is currently high—please retry shortly. For higher concurrency or automated workloads, consider upgrading to a higher-tier plan or using the pay-as-you-go API. (2062)'}, 'request_id': '065cb7d270b77f8b9b2b5a110478c71a'}
2026-05-20 12:54:26,385  ERROR       Error 0x2000:013: Error code: 429 - {'type': 'error', 'error': {'type': 'rate_limit_error', 'message': 'The Token Plan is designed for individual, interactive developer workflows. Traffic is currently high—please retry shortly. For higher concurrency or automated workloads, consider upgrading to a higher-tier plan or using the pay-as-you-go API. (2062)'}, 'request_id': '065cb7d28d0c44542e45aaf04209ef15'}
2026-05-20 12:54:26,553  ERROR       Error 0x2946:008: Error code: 429 - {'type': 'error', 'error': {'type': 'rate_limit_error', 'message': 'The Token Plan is designed for individual, interactive developer workflows. Traffic is currently high—please retry shortly. For higher concurrency or automated workloads, consider upgrading to a higher-tier plan or using the pay-as-you-go API. (2062)'}, 'request_id': '065cb7d194b2a611659d317665993079'}
2026-05-20 12:54:28,316  ERROR       Error 0x1810: Error code: 429 - {'type': 'error', 'error': {'type': 'rate_limit_error', 'message': 'The Token Plan is designed for individual, interactive developer workflows. Traffic is currently high—please retry shortly. For higher concurrency or automated workloads, consider upgrading to a higher-tier plan or using the pay-as-you-go API. (2062)'}, 'request_id': '065cb7d4745999175979e88f79f1563a'}
2026-05-20 12:54:28,354  ERROR       Error 0x2865:002: Error code: 429 - {'type': 'error', 'error': {'type': 'rate_limit_error', 'message': 'The Token Plan is designed for individual, interactive developer workflows. Traffic is currently high—please retry shortly. For higher concurrency or automated workloads, consider upgrading to a higher-tier plan or using the pay-as-you-go API. (2062)'}, 'request_id': '065cb7d4d29cdd1de73f620cf3c4cd5d'}
2026-05-20 12:54:28,559  ERROR       Error 0x1C00:004: Error code: 429 - {'type': 'error', 'error': {'type': 'rate_limit_error', 'message': 'The Token Plan is designed for individual, interactive developer workflows. Traffic is currently high—please retry shortly. For higher concurrency or automated workloads, consider upgrading to a higher-tier plan or using the pay-as-you-go API. (2062)'}, 'request_id': '065cb7d464e9bc3e06f1724be1628ce1'}
2026-05-20 12:54:28,728  ERROR       Error 0x2DDF:001: Error code: 429 - {'type': 'error', 'error': {'type': 'rate_limit_error', 'message': 'The Token Plan is designed for individual, interactive developer workflows. Traffic is currently high—please retry shortly. For higher concurrency or automated workloads, consider upgrading to a higher-tier plan or using the pay-as-you-go API. (2062)'}, 'request_id': '065cb7d4c9ff490fe25a2b224bade912'}
2026-05-20 12:54:29,076  ERROR       Error 0x232F:014: Error code: 429 - {'type': 'error', 'error': {'type': 'rate_limit_error', 'message': 'The Token Plan is designed for individual, interactive developer workflows. Traffic is currently high—please retry shortly. For higher concurrency or automated workloads, consider upgrading to a higher-tier plan or using the pay-as-you-go API. (2062)'}, 'request_id': '065cb7d46352e77f2d0cba0b1ee3b0bb'}
2026-05-20 12:54:29,934  ERROR       Error 0x1800:005: Error code: 429 - {'type': 'error', 'error': {'type': 'rate_limit_error', 'message': 'The Token Plan is designed for individual, interactive developer workflows. Traffic is currently high—please retry shortly. For higher concurrency or automated workloads, consider upgrading to a higher-tier plan or using the pay-as-you-go API. (2062)'}, 'request_id': '065cb7d5ff9609fd37bb7ce3c429bdd8'}
2026-05-20 12:54:30,023  ERROR       Error 0x1003:001: Error code: 429 - {'type': 'error', 'error': {'type': 'rate_limit_error', 'message': 'The Token Plan is designed for individual, interactive developer workflows. Traffic is currently high—please retry shortly. For higher concurrency or automated workloads, consider upgrading to a higher-tier plan or using the pay-as-you-go API. (2062)'}, 'request_id': '065cb7d586d3b751050762cccad762f0'}
2026-05-20 12:54:30,160  ERROR       Error 0x2946:008: Error code: 429 - {'type': 'error', 'error': {'type': 'rate_limit_error', 'message': 'The Token Plan is designed for individual, interactive developer workflows. Traffic is currently high—please retry shortly. For higher concurrency or automated workloads, consider upgrading to a higher-tier plan or using the pay-as-you-go API. (2062)'}, 'request_id': '065cb7d6b293e92956aae5974024bdff'}
2026-05-20 12:54:31,688  ERROR       Error 0x400E:008: Error code: 429 - {'type': 'error', 'error': {'type': 'rate_limit_error', 'message': 'The Token Plan is designed for individual, interactive developer workflows. Traffic is currently high—please retry shortly. For higher concurrency or automated workloads, consider upgrading to a higher-tier plan or using the pay-as-you-go API. (2062)'}, 'request_id': '065cb7d786bcaac0876db76d5a2c2b3a'}
2026-05-20 12:54:31,803  ERROR       Error 0x203F: Error code: 429 - {'type': 'error', 'error': {'type': 'rate_limit_error', 'message': 'The Token Plan is designed for individual, interactive developer workflows. Traffic is currently high—please retry shortly. For higher concurrency or automated workloads, consider upgrading to a higher-tier plan or using the pay-as-you-go API. (2062)'}, 'request_id': '065cb7d7843a159749d686ca48afd773'}
2026-05-20 12:54:31,889  ERROR       Error 0x402D:004: Error code: 429 - {'type': 'error', 'error': {'type': 'rate_limit_error', 'message': 'The Token Plan is designed for individual, interactive developer workflows. Traffic is currently high—please retry shortly. For higher concurrency or automated workloads, consider upgrading to a higher-tier plan or using the pay-as-you-go API. (2062)'}, 'request_id': '065cb7d786081b9e5a17ff061d25c095'}
2026-05-20 12:54:32,082  ERROR       Error 0x2000:013: Error code: 429 - {'type': 'error', 'error': {'type': 'rate_limit_error', 'message': 'The Token Plan is designed for individual, interactive developer workflows. Traffic is currently high—please retry shortly. For higher concurrency or automated workloads, consider upgrading to a higher-tier plan or using the pay-as-you-go API. (2062)'}, 'request_id': '065cb7d824902bdad0ecca2f6cc25a31'}
2026-05-20 12:54:33,960  ERROR       Error 0x1810: Error code: 429 - {'type': 'error', 'error': {'type': 'rate_limit_error', 'message': 'The Token Plan is designed for individual, interactive developer workflows. Traffic is currently high—please retry shortly. For higher concurrency or automated workloads, consider upgrading to a higher-tier plan or using the pay-as-you-go API. (2062)'}, 'request_id': '065cb7d921debf92c6b9a87f1f09c344'}
2026-05-20 12:54:34,354  INFO      24308 0x2865:003 (Lenze_i550)  existing_len=0  qc=new
2026-05-20 12:54:34,559  INFO      23027 0x1C12:001 (Lenze_i550)  existing_len=0  qc=new
2026-05-20 12:54:34,566  ERROR       Error 0x2DDF:001: Error code: 429 - {'type': 'error', 'error': {'type': 'rate_limit_error', 'message': 'The Token Plan is designed for individual, interactive developer workflows. Traffic is currently high—please retry shortly. For higher concurrency or automated workloads, consider upgrading to a higher-tier plan or using the pay-as-you-go API. (2062)'}, 'request_id': '065cb7da52b2d60ebc92c7eb7d65c1e4'}
2026-05-20 12:54:34,884  ERROR       Error 0x232F:014: Error code: 429 - {'type': 'error', 'error': {'type': 'rate_limit_error', 'message': 'The Token Plan is designed for individual, interactive developer workflows. Traffic is currently high—please retry shortly. For higher concurrency or automated workloads, consider upgrading to a higher-tier plan or using the pay-as-you-go API. (2062)'}, 'request_id': '065cb7da7c7df71cf8468bb81128cbcb'}
2026-05-20 12:54:35,708  ERROR       Error 0x1800:005: Error code: 429 - {'type': 'error', 'error': {'type': 'rate_limit_error', 'message': 'The Token Plan is designed for individual, interactive developer workflows. Traffic is currently high—please retry shortly. For higher concurrency or automated workloads, consider upgrading to a higher-tier plan or using the pay-as-you-go API. (2062)'}, 'request_id': '065cb7db1f216c71a8ce575de3534966'}
2026-05-20 12:54:35,854  ERROR       Error 0x2946:008: Error code: 429 - {'type': 'error', 'error': {'type': 'rate_limit_error', 'message': 'The Token Plan is designed for individual, interactive developer workflows. Traffic is currently high—please retry shortly. For higher concurrency or automated workloads, consider upgrading to a higher-tier plan or using the pay-as-you-go API. (2062)'}, 'request_id': '065cb7db9501bb4e121dd6445aea5a1e'}
2026-05-20 12:54:36,122  INFO      23233 0x1003:002 (Lenze_i550)  existing_len=0  qc=new
2026-05-20 12:54:36,546  ERROR       Error 0x2865:003: Error code: 429 - {'type': 'error', 'error': {'type': 'rate_limit_error', 'message': 'The Token Plan is designed for individual, interactive developer workflows. Traffic is currently high—please retry shortly. For higher concurrency or automated workloads, consider upgrading to a higher-tier plan or using the pay-as-you-go API. (2062)'}, 'request_id': '065cb7dc3906e2fe2f574516752ee41b'}
2026-05-20 12:54:36,677  ERROR       Error 0x1C12:001: Error code: 429 - {'type': 'error', 'error': {'type': 'rate_limit_error', 'message': 'The Token Plan is designed for individual, interactive developer workflows. Traffic is currently high—please retry shortly. For higher concurrency or automated workloads, consider upgrading to a higher-tier plan or using the pay-as-you-go API. (2062)'}, 'request_id': '065cb7dcf16023ab2785b34bad556217'}
2026-05-20 12:54:37,688  INFO      22827 0x400E:009 (Lenze_i550)  existing_len=0  qc=new
2026-05-20 12:54:37,803  INFO      23441 0x2939 (Lenze_i550)  existing_len=0  qc=new
2026-05-20 12:54:37,890  INFO      22618 0x402D:005 (Lenze_i550)  existing_len=0  qc=new
2026-05-20 12:54:38,082  INFO      23547 0x2000:014 (Lenze_i550)  existing_len=0  qc=new
2026-05-20 12:54:38,278  ERROR       Error 0x1003:002: Error code: 429 - {'type': 'error', 'error': {'type': 'rate_limit_error', 'message': 'The Token Plan is designed for individual, interactive developer workflows. Traffic is currently high—please retry shortly. For higher concurrency or automated workloads, consider upgrading to a higher-tier plan or using the pay-as-you-go API. (2062)'}, 'request_id': '065cb7ded73f0b8a51ab5a5f09383d46'}
2026-05-20 12:54:39,819  ERROR       Error 0x400E:009: Error code: 429 - {'type': 'error', 'error': {'type': 'rate_limit_error', 'message': 'The Token Plan is designed for individual, interactive developer workflows. Traffic is currently high—please retry shortly. For higher concurrency or automated workloads, consider upgrading to a higher-tier plan or using the pay-as-you-go API. (2062)'}, 'request_id': '065cb7df33d7a4bac9497e71beb80032'}
2026-05-20 12:54:39,947  ERROR       Error 0x402D:005: Error code: 429 - {'type': 'error', 'error': {'type': 'rate_limit_error', 'message': 'The Token Plan is designed for individual, interactive developer workflows. Traffic is currently high—please retry shortly. For higher concurrency or automated workloads, consider upgrading to a higher-tier plan or using the pay-as-you-go API. (2062)'}, 'request_id': '065cb7dfe00c2f8ea71febf6ddfb4756'}
2026-05-20 12:54:39,961  INFO      23341 0x1811 (Lenze_i550)  existing_len=0  qc=new
2026-05-20 12:54:40,022  ERROR       Error 0x2939: Error code: 429 - {'type': 'error', 'error': {'type': 'rate_limit_error', 'message': 'The Token Plan is designed for individual, interactive developer workflows. Traffic is currently high—please retry shortly. For higher concurrency or automated workloads, consider upgrading to a higher-tier plan or using the pay-as-you-go API. (2062)'}, 'request_id': '065cb7df7299346f4d65e70f43c97687'}
2026-05-20 12:54:40,194  ERROR       Error 0x2865:003: Error code: 429 - {'type': 'error', 'error': {'type': 'rate_limit_error', 'message': 'The Token Plan is designed for individual, interactive developer workflows. Traffic is currently high—please retry shortly. For higher concurrency or automated workloads, consider upgrading to a higher-tier plan or using the pay-as-you-go API. (2062)'}, 'request_id': '065cb7e0b870905d2511e5f2b8879c39'}
2026-05-20 12:54:40,257  ERROR       Error 0x2000:014: Error code: 429 - {'type': 'error', 'error': {'type': 'rate_limit_error', 'message': 'The Token Plan is designed for individual, interactive developer workflows. Traffic is currently high—please retry shortly. For higher concurrency or automated workloads, consider upgrading to a higher-tier plan or using the pay-as-you-go API. (2062)'}, 'request_id': '065cb7e0fdf6d034d5485a9889f12b4a'}
2026-05-20 12:54:40,567  INFO      23644 0x2DDF:002 (Lenze_i550)  existing_len=0  qc=new
2026-05-20 12:54:40,581  ERROR       Error 0x1C12:001: Error code: 429 - {'type': 'error', 'error': {'type': 'rate_limit_error', 'message': 'The Token Plan is designed for individual, interactive developer workflows. Traffic is currently high—please retry shortly. For higher concurrency or automated workloads, consider upgrading to a higher-tier plan or using the pay-as-you-go API. (2062)'}, 'request_id': '065cb7e0dfb5b424459c16d121d8ac88'}
2026-05-20 12:54:40,885  INFO      23134 0x232F:015 (Lenze_i550)  existing_len=0  qc=new
2026-05-20 12:54:41,708  INFO      22927 0x1801:001 (Lenze_i550)  existing_len=0  qc=new
2026-05-20 12:54:41,902  INFO      22724 0x2601:003 (Lenze_i550)  existing_len=0  qc=new
2026-05-20 12:54:47,564  INFO        -> new: Acest parametru semnaleaza o defectiune de supratemperatura a unitatii de putere
2026-05-20 12:54:47,664  INFO      23342 0x1812 (Lenze_i550)  existing_len=0  qc=new
2026-05-20 12:54:48,327  INFO        -> new: Inregistrare istorica a erorii secundare. Stocheaza informatii despre a doua ero
2026-05-20 12:54:48,428  INFO      23234 0x1003:003 (Lenze_i550)  existing_len=0  qc=new
2026-05-20 12:54:49,077  INFO        -> new: Afiseaza ultimul byte de date transmis prin comunicatia Modbus. Valoarea 13 core
2026-05-20 12:54:49,178  INFO      23135 0x232F:016 (Lenze_i550)  existing_len=0  qc=new
2026-05-20 12:54:50,010  INFO        -> new: Seteaza valoarea implicita a referintei de cuplu pentru modul de functionare in 
2026-05-20 12:54:50,110  INFO      22725 0x6077 (Lenze_i550)  existing_len=0  qc=new
2026-05-20 12:54:50,477  INFO        -> new: Afiseaza valoarea maxima a curentului masurat pe axa. Este un parametru de diagn
2026-05-20 12:54:50,577  INFO      23645 0x6079 (Lenze_i550)  existing_len=0  qc=new
2026-05-20 12:54:50,992  INFO        -> new: Seteaza tensiunea de iesire pentru iesirile analogice in timpul executiei segmen
2026-05-20 12:54:51,092  INFO      22619 0x402D:006 (Lenze_i550)  existing_len=0  qc=new
2026-05-20 12:54:51,239  INFO        -> new: Afiseaza versiunea de firmware a modulului optional conectat in fanta de extensi
2026-05-20 12:54:51,340  INFO      23548 0x2000:015 (Lenze_i550)  existing_len=0  qc=new
2026-05-20 12:54:52,488  INFO        -> new: Selecteaza frecventa de comutare a invertorului. Optiunea 'Variable' reduce auto
2026-05-20 12:54:52,588  INFO      23442 0x293A (Lenze_i550)  existing_len=0  qc=new
2026-05-20 12:54:53,929  INFO        -> new: Defineste functia care este activata prin bitul 8 al cuvantului de intrare NetWo
2026-05-20 12:54:54,030  INFO      22828 0x400E:010 (Lenze_i550)  existing_len=0  qc=new
2026-05-20 12:54:54,104  INFO        -> new: Defineste identificatorul COB-ID pentru TPDO2 (Transmit PDO 2) in reteaua CANope
2026-05-20 12:54:54,204  INFO      22928 0x1801:002 (Lenze_i550)  existing_len=0  qc=new
2026-05-20 12:54:55,078  INFO        -> new: Stocheaza al treilea eveniment de eroare inregistrat in istoricul VFD. Afiseaza 
2026-05-20 12:54:55,178  INFO      23235 0x1003:004 (Lenze_i550)  existing_len=0  qc=new
2026-05-20 12:54:55,225  INFO        -> new: Afiseaza indexul obiectului de mapare PDO pentru RPDO1 (Receive PDO 1). RPDO1 es
2026-05-20 12:54:55,295  INFO        -> new: Defineste pozitia punctului zecimal la afisarea vitezei pe tastatura. Valoarea 0
2026-05-20 12:54:55,325  INFO      23028 0x1C12:002 (Lenze_i550)  existing_len=0  qc=new
2026-05-20 12:54:55,395  INFO      24309 0x2865:004 (Lenze_i550)  existing_len=0  qc=new
2026-05-20 12:54:55,583  INFO        -> new: Afiseaza ultimul byte de date transmis prin Modbus. Este un parametru read-only 
2026-05-20 12:54:55,684  INFO      23136 0x232F:017 (Lenze_i550)  existing_len=0  qc=new
2026-05-20 12:54:56,668  INFO        -> new: Afiseaza cuplul actual al motorului in timp real. Valoarea de 100% corespunde cu
2026-05-20 12:54:56,769  INFO      22726 0x2C49:001 (Lenze_i550)  existing_len=0  qc=new
2026-05-20 12:54:57,988  INFO        -> new: Acest defect indica o problema cu senzorul de temperatura al radiatorului sau te
2026-05-20 12:54:58,089  INFO      23343 0x1814 (Lenze_i550)  existing_len=0  qc=new
2026-05-20 12:54:58,297  INFO        -> new: Seteaza valoarea setpoint PID pentru segmentul 8 al secventei de functionare. Ac
2026-05-20 12:54:58,398  INFO      22620 0x402D:007 (Lenze_i550)  existing_len=0  qc=new
2026-05-20 12:55:00,035  INFO        -> new: Afiseaza tensiunea actuala a bus-ului DC in volti. Valoarea depinde de tensiunea
2026-05-20 12:55:00,136  INFO      23646 0x2831 (Lenze_i550)  existing_len=0  qc=new
2026-05-20 12:55:00,648  INFO        -> new: Returneaza numarul versiunii firmware-ului pentru optiunea de comunicatie instal
2026-05-20 12:55:00,748  INFO      23549 0x2000:016 (Lenze_i550)  existing_len=0  qc=new
2026-05-20 12:55:00,920  INFO        -> new: Defineste tipul de transmisie pentru TPDO2 conform standardului CANopen DS301 V4
2026-05-20 12:55:01,021  INFO      22929 0x1801:003 (Lenze_i550)  existing_len=0  qc=new
2026-05-20 12:55:01,577  INFO        -> new: Inregistrare a 4-lea eroare din istoricul erorilor VFD-ului. Contine codul erori
2026-05-20 12:55:01,678  INFO      23236 0x1003:005 (Lenze_i550)  existing_len=0  qc=new
2026-05-20 12:55:01,933  INFO        -> new: Afiseaza indexul obiectului PDO mapat in RPDO2 (Receive PDO 2). Acest parametru 
2026-05-20 12:55:02,034  INFO      23029 0x1C13:001 (Lenze_i550)  existing_len=0  qc=new
2026-05-20 12:55:02,415  INFO        -> new: Afiseaza ultimul octet de date transmis prin comunicatia Modbus. Este un paramet
2026-05-20 12:55:02,516  INFO      23137 0x23B0 (Lenze_i550)  existing_len=0  qc=new
2026-05-20 12:55:02,744  INFO        -> new: Afiseaza frecventa de comutare activa a invertorului in timp real. Valoarea poat
2026-05-20 12:55:02,844  INFO      23443 0x2D40:002 (Lenze_i550)  existing_len=0  qc=new
2026-05-20 12:55:04,259  INFO        -> new: Defineste modul de control al motorului — V/F liniar, vectorial sensorless sau c
2026-05-20 12:55:04,360  INFO      22727 0x2C42:001 (Lenze_i550)  existing_len=0  qc=new
2026-05-20 12:55:05,301  INFO        -> new: Seteaza pozitia punctului zecimal la afisarea pe tastatura a referintei pentru c
2026-05-20 12:55:05,470  INFO        -> new: Defineste functia care este activata prin bitul 9 al cuvantului de control NetWo
2026-05-20 12:55:05,570  INFO      22829 0x400E:011 (Lenze_i550)  existing_len=0  qc=new
2026-05-20 12:55:05,868  INFO        -> new: Cuvant de stare al invertorului codificat pe biti. Afiseaza starea interna a con
2026-05-20 12:55:05,908  INFO        -> new: Acest parametru indica o avertizare de supraincalzire a unitatii de putere (PU) 
2026-05-20 12:55:05,968  INFO      23647 0x2833 (Lenze_i550)  existing_len=0  qc=new
2026-05-20 12:55:06,008  INFO      23344 0x1815 (Lenze_i550)  existing_len=0  qc=new
